country,country_code,state_abbr,state,company_name,address,street_name
United States,US,MN,Minnesota,Cabot Microelectronics Corporation,2303 Oriole Point,Packers
United States,US,TX,Texas,MFS Special Value Trust,5869 Buhler Drive,Randy
United States,US,FL,Florida,Gabelli Dividend,61766 Nobel Junction,Crowley
United States,US,MO,Missouri,Central Federal Corporation,1997 Waywood Court,Rusk
United States,US,IL,Illinois,"Euronet Worldwide, Inc.",4 Graedel Lane,Fuller
United States,US,LA,Louisiana,AVX Corporation,12961 Petterle Street,Judy
United States,US,DC,District of Columbia,Opus Bank,659 John Wall Avenue,Fieldstone
United States,US,WA,Washington,PowerShares International BuyBack Achievers Portfolio,17 Mayfield Lane,Roth
United States,US,AK,Alaska,First Majestic Silver Corp.,9 Schlimgen Way,Nova
United States,US,NV,Nevada,Jensyn Acquistion Corp.,642 Main Street,Texas
United States,US,WA,Washington,Vanguard Russell 2000 Value ETF,0 Oakridge Trail,Surrey
United States,US,TN,Tennessee,Huntington Bancshares Incorporated,13121 Thompson Drive,Mallory
United States,US,NY,New York,"XO Group, Inc.",66004 Ryan Terrace,Dunning
United States,US,KS,Kansas,Gladstone Investment Corporation,95932 Surrey Court,Stang
United States,US,KY,Kentucky,W.P. Carey Inc.,57727 Fuller Center,Merrick
United States,US,CA,California,"CBL & Associates Properties, Inc.",4561 Dryden Drive,Garrison
United States,US,NV,Nevada,"Blackrock MuniHoldings Fund II, Inc.",9 Heath Crossing,Stephen
United States,US,WA,Washington,"NxStage Medical, Inc.",8 Nova Court,Pond
United States,US,OR,Oregon,"Ocular Therapeutix, Inc.",490 Prentice Avenue,Russell
United States,US,OK,Oklahoma,STERIS plc,71889 School Point,Karstens
United States,US,FL,Florida,"FS Bancorp, Inc.",4934 Sycamore Junction,Basil
United States,US,FL,Florida,Nielsen N.V.,62 Golden Leaf Park,Dunning
United States,US,TX,Texas,Invitation Homes Inc.,3030 Oak Valley Road,Trailsway
United States,US,CT,Connecticut,Cenovus Energy Inc,7 Sunnyside Trail,Swallow
United States,US,CO,Colorado,"ICU Medical, Inc.",79049 Graceland Point,Mariners Cove
United States,US,NY,New York,United States Steel Corporation,4 Meadow Vale Drive,Erie
United States,US,LA,Louisiana,"SPAR Group, Inc.",4572 Continental Junction,Village Green
United States,US,MI,Michigan,PowerShares KBW High Dividend Yield Financial Portfolio,3 Calypso Circle,Porter
United States,US,IL,Illinois,Federal Agricultural Mortgage Corporation,67 Loomis Pass,Dakota
United States,US,MN,Minnesota,Alpine Global Dynamic Dividend Fund,8280 Ronald Regan Street,Homewood
United States,US,NY,New York,Minerals Technologies Inc.,07 Shasta Terrace,Fuller
United States,US,MI,Michigan,First Trust Alternative Absolute Return Strategy ETF,12 Village Green Parkway,Oriole
United States,US,TX,Texas,"Civista Bancshares, Inc. ",3 Jackson Center,Village
United States,US,MA,Massachusetts,Western Asset Investment Grade Defined Opportunity Trust Inc.,79 Packers Court,Nelson
United States,US,WA,Washington,Huron Consulting Group Inc.,29 Forest Hill,Lakewood
United States,US,OK,Oklahoma,"Telephone and Data Systems, Inc.",16 Buena Vista Way,Ramsey
United States,US,NE,Nebraska,Ferrari N.V.,2 Kim Point,Maryland
United States,US,DC,District of Columbia,"Nexeo Solutions, Inc.",4486 Ronald Regan Avenue,Nelson
United States,US,TX,Texas,Costamare Inc.,94471 Fuller Pass,Jenifer
United States,US,FL,Florida,Crown Castle International Corporation,99119 Browning Court,Emmet
United States,US,HI,Hawaii,"ASB Bancorp, Inc.",86464 Lyons Pass,Kenwood
United States,US,OH,Ohio,"Bio-Path Holdings, Inc.",83 Duke Crossing,Glacier Hill
United States,US,WV,West Virginia,KKR Real Estate Finance Trust Inc.,483 Anniversary Circle,Pearson
United States,US,GA,Georgia,"Monro Muffler Brake, Inc.",1 Banding Parkway,Briar Crest
United States,US,DC,District of Columbia,CNH Industrial N.V.,9476 Di Loreto Terrace,Pond
United States,US,OH,Ohio,Trillium Therapeutics Inc.,434 Stone Corner Park,Pleasure
United States,US,CA,California,Analogic Corporation,6291 Sunfield Avenue,Hanover
United States,US,DE,Delaware,Psychemedics Corporation,5 Bonner Circle,Milwaukee
United States,US,NY,New York,Ducommun Incorporated,809 Summit Court,Bonner
United States,US,PA,Pennsylvania,Huntington Bancshares Incorporated,60381 Gateway Parkway,Russell
United States,US,VA,Virginia,Pershing Gold Corporation,3 Marquette Road,Bunting
United States,US,SC,South Carolina,Edison International,0 Marquette Junction,Esker
United States,US,IL,Illinois,"Assurant, Inc.",379 Brentwood Junction,Norway Maple
United States,US,MO,Missouri,New Age Beverages Corporation,952 Dottie Junction,Sachtjen
United States,US,TX,Texas,"BioLife Solutions, Inc.",09 Grim Pass,Hooker
United States,US,CO,Colorado,Stone Energy Corporation,32 David Place,Maryland
United States,US,TX,Texas,Pitney Bowes Inc.,90 Shelley Circle,Anthes
United States,US,WV,West Virginia,"Bassett Furniture Industries, Incorporated",01 Farmco Drive,Mcbride
United States,US,NY,New York,Pacific Special Acquisition Corp.,66284 Dawn Junction,Superior
United States,US,CA,California,BLDRS Europe 100 ADR Index Fund,607 Buena Vista Point,Columbus
United States,US,PA,Pennsylvania,Canadian National Railway Company,0827 Elgar Street,4th
United States,US,DC,District of Columbia,"Hudson Technologies, Inc.",1 Muir Hill,Manufacturers
United States,US,TN,Tennessee,PBF Energy Inc.,98 Kennedy Lane,Lakewood
United States,US,MN,Minnesota,"Nu Skin Enterprises, Inc.",263 Rusk Crossing,Loftsgordon
United States,US,TX,Texas,U.S. Bancorp,3080 Autumn Leaf Trail,Sycamore
United States,US,CO,Colorado,Dover Downs Gaming & Entertainment Inc,1587 Drewry Hill,Northview
United States,US,OR,Oregon,"Investors Bancorp, Inc.",3 Kenwood Center,Michigan
United States,US,OK,Oklahoma,Unico American Corporation,0712 Fieldstone Park,Sullivan
United States,US,TX,Texas,Capital Southwest Corporation,7750 Transport Place,Marcy
United States,US,CA,California,"Fiserv, Inc.",65321 Morning Avenue,Clove
United States,US,TX,Texas,Wright Medical Group N.V.,7181 Ridgeview Parkway,Clemons
United States,US,CA,California,Kitov Pharmaceuticals Holdings Ltd.,4 Eastlawn Trail,Cascade
United States,US,CA,California,Acco Brands Corporation,77 Blaine Place,Caliangt
United States,US,TX,Texas,First Trust Global Tactical Commodity Strategy Fund,3 Ohio Terrace,Sugar
United States,US,VA,Virginia,"Global Ship Lease, Inc.",47887 Kennedy Street,Acker
United States,US,MI,Michigan,"Xilinx, Inc.",5 Clarendon Way,Hintze
United States,US,NY,New York,"Wheeler Real Estate Investment Trust, Inc.",3 Vernon Road,Pierstorff
United States,US,OH,Ohio,Orthofix International N.V.,1115 Bunker Hill Court,Del Sol
United States,US,OH,Ohio,Navigator Holdings Ltd.,76 Corben Way,Memorial
United States,US,NV,Nevada,PowerShares DWA NASDAQ Momentum Portfolio,3 Northport Terrace,Dakota
United States,US,AR,Arkansas,Global Sources Ltd.,69 Kennedy Alley,Crescent Oaks
United States,US,MN,Minnesota,United States Cellular Corporation,162 Lerdahl Trail,Straubel
United States,US,OH,Ohio,L.B. Foster Company,68 Lillian Parkway,Steensland
United States,US,AZ,Arizona,Mesa Royalty Trust,284 Upham Court,Waxwing
United States,US,IL,Illinois,Aflac Incorporated,084 Thompson Street,Sunbrook
United States,US,NV,Nevada,Icahn Enterprises L.P.,5 Loeprich Way,Dovetail
United States,US,AZ,Arizona,First Financial Bancorp.,20760 Tennessee Way,Waubesa
United States,US,MD,Maryland,"Chiasma, Inc.",388 Clove Way,Manufacturers
United States,US,OH,Ohio,"Alon USA Energy, Inc.",04186 Sutteridge Plaza,Garrison
United States,US,WA,Washington,Numerex Corp.,54738 Donald Court,Delladonna
United States,US,MA,Massachusetts,OMNOVA Solutions Inc.,93343 Sutherland Crossing,Monica
United States,US,TX,Texas,First Trust NASDAQ-100 Ex-Technology Sector Index Fund,7891 Russell Circle,Doe Crossing
United States,US,OH,Ohio,"Ventas, Inc.",1 Emmet Drive,Grayhawk
United States,US,LA,Louisiana,DoubleLine Opportunistic Credit Fund,47327 Steensland Avenue,Bultman
United States,US,TX,Texas,XOMA Corporation,70 Norway Maple Circle,Dennis
United States,US,DC,District of Columbia,Brookfield Global Listed Infrastructure Income Fund,9 Clemons Terrace,Lighthouse Bay
United States,US,WA,Washington,Diversified Real Asset Income Fund,64646 Saint Paul Street,Northridge
United States,US,DC,District of Columbia,"Archrock, Inc.",8 Pearson Court,Sommers
United States,US,UT,Utah,Transocean Ltd.,3 Graceland Point,Maryland
United States,US,CA,California,Comp En De Mn Cemig ADS,796 Menomonie Parkway,Twin Pines
United States,US,TX,Texas,"Rennova Health, Inc.",7 Bowman Avenue,Lakewood
United States,US,TX,Texas,"Interface, Inc.",8115 Blaine Parkway,Vernon
United States,US,AR,Arkansas,FinTech Acquisition Corp. II,13808 Badeau Parkway,Blackbird
United States,US,IL,Illinois,NASDAQ TEST STOCK,2833 Thompson Point,Judy
United States,US,KY,Kentucky,Constellation Brands Inc,03 Utah Way,Ruskin
United States,US,NY,New York,Toll Brothers Inc.,1 Evergreen Plaza,Spaight
United States,US,WA,Washington,"First Financial Northwest, Inc.",31543 American Ash Place,Knutson
United States,US,DC,District of Columbia,Gafisa SA,025 Farwell Avenue,Coleman
United States,US,DC,District of Columbia,Access National Corporation,69002 Derek Park,Center
United States,US,AL,Alabama,Sprint Corporation,03118 Maryland Park,Manufacturers
United States,US,MN,Minnesota,"Aclaris Therapeutics, Inc.",12 Colorado Drive,Glacier Hill
United States,US,OR,Oregon,"Dime Community Bancshares, Inc.",7000 Union Road,Bonner
United States,US,PA,Pennsylvania,State Street Corporation,19868 Mariners Cove Trail,Hoard
United States,US,AL,Alabama,PowerShares S&P SmallCap Financials Portfolio,59 Amoth Way,Farmco
United States,US,ID,Idaho,"Okta, Inc.",5245 High Crossing Drive,Delaware
United States,US,UT,Utah,Zhaopin Limited,138 Crescent Oaks Avenue,Burrows
United States,US,KY,Kentucky,Liberty Media Corporation,14138 Shopko Lane,Bluestem
United States,US,AZ,Arizona,Ambev S.A.,861 Heffernan Street,Maywood
United States,US,OK,Oklahoma,Balchem Corporation,6043 Forest Run Circle,Randy
United States,US,TX,Texas,CNH Industrial N.V.,05 Bonner Drive,Welch
United States,US,CA,California,ConocoPhillips,21 Waubesa Street,John Wall
United States,US,IL,Illinois,Allstate Corporation (The),73 Prentice Center,Badeau
United States,US,NY,New York,Forward Pharma A/S,1862 Elgar Park,Packers
United States,US,PA,Pennsylvania,"Micronet Enertec Technologies, Inc.",289 Granby Road,Dexter
United States,US,CA,California,Qwest Corporation,71 La Follette Terrace,Carey
United States,US,KY,Kentucky,"Cellectar Biosciences, Inc.",1232 Magdeline Court,Saint Paul
United States,US,CA,California,TPG Pace Energy Holdings Corp.,747 Utah Trail,Harbort
United States,US,NY,New York,Cabot Corporation,1018 Superior Lane,Hauk
United States,US,OH,Ohio,Oxbridge Re Holdings Limited,62593 Transport Place,Fuller
United States,US,TX,Texas,V.F. Corporation,50 Westridge Trail,Annamark
United States,US,DC,District of Columbia,Brown Forman Corporation,9171 Elmside Street,Prairieview
United States,US,MA,Massachusetts,"Second Sight Medical Products, Inc.",99811 Briar Crest Alley,Dawn
United States,US,FL,Florida,Davis Select U.S. Equity ETF,6782 Hauk Court,Northridge
United States,US,TN,Tennessee,"Atlas Financial Holdings, Inc.",02348 Upham Road,South
United States,US,NY,New York,"Barracuda Networks, Inc.",030 Gulseth Drive,Di Loreto
United States,US,CO,Colorado,PIMCO California Municipal Income Fund,69242 Amoth Street,Green Ridge
United States,US,FL,Florida,Nuveen New York AMT-Free Quality Municipal,6 Garrison Place,Tennessee
United States,US,OH,Ohio,Eaton Vance Senior Income Trust,5224 Russell Road,Stuart
United States,US,WV,West Virginia,Standex International Corporation,38 Anthes Pass,Warner
United States,US,NY,New York,"Digiliti Money Group, Inc.",874 Hoepker Terrace,Hooker
United States,US,OH,Ohio,Genesco Inc.,632 Luster Crossing,Eagan
United States,US,VA,Virginia,"RF Industries, Ltd.",0435 Stang Park,Ilene
United States,US,NC,North Carolina,"PowerShares QQQ Trust, Series 1",9513 Grover Terrace,Cherokee
United States,US,GA,Georgia,"Global Net Lease, Inc.",7769 Menomonie Alley,Laurel
United States,US,FL,Florida,Fair Isaac Corporation,04895 Warrior Court,Alpine
United States,US,CA,California,PIMCO Dynamic Credit and Mortgage Income Fund,9 Judy Place,Shasta
United States,US,NC,North Carolina,Axar Acquisition Corp.,39 Monterey Center,Old Shore
United States,US,CA,California,PowerShares KBW Regional Banking Portfolio,1684 Browning Junction,Logan
United States,US,ID,Idaho,The AES Corporation,84 Oxford Trail,Steensland
United States,US,NY,New York,"MidWestOne Financial Group, Inc.",7 Eastlawn Circle,Hanover
United States,US,MI,Michigan,Pioneer Municipal High Income Trust,276 Rockefeller Street,Swallow
United States,US,CA,California,DLH Holdings Corp.,82 Nova Way,Mariners Cove
United States,US,FL,Florida,"Fusion Telecommunications International, Inc.",1721 Eastlawn Drive,Monument
United States,US,SC,South Carolina,JMP Group LLC,0 Gina Plaza,Starling
United States,US,PA,Pennsylvania,Brookfield Asset Management Inc,42 Merrick Pass,Forest Run
United States,US,TN,Tennessee,"Exelixis, Inc.",80668 Fallview Plaza,School
United States,US,AL,Alabama,China Mobile (Hong Kong) Ltd.,0966 Corry Avenue,Mayfield
United States,US,NV,Nevada,Avista Healthcare Public Acquisition Corp.,5 Fulton Avenue,Northfield
United States,US,VA,Virginia,ObsEva SA,5 Nelson Crossing,Oriole
United States,US,NY,New York,First Merchants Corporation,79961 Summerview Street,Tennessee
United States,US,PA,Pennsylvania,"Gener8 Maritime, Inc.",2393 Northfield Parkway,Chive
United States,US,CA,California,Seagate Technology PLC,58073 Morningstar Avenue,Burrows
United States,US,FL,Florida,U.S. Bancorp,33 Fair Oaks Point,Jenifer
United States,US,MO,Missouri,Cardiome Pharma Corporation,62 Hanover Center,Annamark
United States,US,DC,District of Columbia,Eaton Vance Municipal Income 2028 Term Trust,119 Oak Crossing,Portage
United States,US,CA,California,Summit State Bank,14 Carey Plaza,Hoard
United States,US,LA,Louisiana,Lincoln National Corporation,0618 Bonner Trail,Havey
United States,US,TX,Texas,"PT Telekomunikasi Indonesia, Tbk",45202 Eagle Crest Avenue,Dahle
United States,US,MI,Michigan,VCA Inc. ,5 Grim Way,Village
United States,US,VA,Virginia,GMS Inc.,26218 3rd Park,Hansons
United States,US,UT,Utah,TravelCenters of America LLC,47672 Gulseth Park,Oakridge
United States,US,TX,Texas,"CatchMark Timber Trust, Inc.",97480 Gina Crossing,Lawn
United States,US,CA,California,"Fuwei Films (Holdings) Co., Ltd.",69662 Mallard Avenue,Gale
United States,US,CA,California,First Community Corporation,4363 Ludington Junction,Arapahoe
United States,US,TN,Tennessee,Bank of America Corporation,2 Petterle Lane,Rowland
United States,US,DC,District of Columbia,BLDRS Asia 50 ADR Index Fund,386 Toban Parkway,Debra
United States,US,CT,Connecticut,W.R. Grace & Co.,96059 Mitchell Trail,Duke
United States,US,PA,Pennsylvania,Inotek Pharmaceuticals Corporation,56369 Riverside Junction,Huxley
United States,US,PA,Pennsylvania,Central Federal Corporation,77819 Sunnyside Parkway,Main
United States,US,AR,Arkansas,LCNB Corporation,8605 Sloan Parkway,Stuart
United States,US,IN,Indiana,"Ulta Beauty, Inc.",1 Golden Leaf Street,Banding
United States,US,IN,Indiana,BB&T Corporation,2800 Schlimgen Junction,Lighthouse Bay
United States,US,MO,Missouri,"Aviat Networks, Inc.",6445 Blaine Park,Fairfield
United States,US,MN,Minnesota,"A V Homes, Inc.",96202 Messerschmidt Pass,Briar Crest
United States,US,DC,District of Columbia,United States Steel Corporation,0 Dovetail Lane,Norway Maple
United States,US,WV,West Virginia,Container Store (The),79 Sundown Road,Caliangt
United States,US,FL,Florida,"NuVasive, Inc.",42 Farragut Center,Delaware
United States,US,PA,Pennsylvania,"Charles River Laboratories International, Inc.",46292 Veith Avenue,Gateway
United States,US,NJ,New Jersey,MiX Telematics Limited,1 1st Junction,Prairie Rose
United States,US,SC,South Carolina,SLM Corporation,6 Marcy Crossing,Gina
United States,US,KY,Kentucky,"Genomic Health, Inc.",7 Oakridge Junction,Jay
United States,US,LA,Louisiana,"tronc, Inc.",013 Prairie Rose Drive,Pankratz
United States,US,MD,Maryland,"Comstock Resources, Inc.",98 Loomis Point,Spaight
United States,US,WV,West Virginia,WSI Industries Inc.,937 Algoma Junction,Basil
United States,US,AK,Alaska,Embraer-Empresa Brasileira de Aeronautica,2857 Waxwing Plaza,Sundown
United States,US,FL,Florida,Merus Labs International Inc.,18 Merchant Point,Warner
United States,US,MS,Mississippi,Anadarko Petroleum Corporation,62 Roxbury Parkway,Dovetail
United States,US,IL,Illinois,"Western Gas Equity Partners, LP",5778 Maywood Way,Warrior
United States,US,FL,Florida,"Idera Pharmaceuticals, Inc.",02 Pepper Wood Point,Bobwhite
United States,US,MD,Maryland,Hailiang Education Group Inc.,6416 Rowland Court,Moland
United States,US,CA,California,"Sprott Focus Trust, Inc.",18768 Spohn Road,Jay
United States,US,FL,Florida,Clorox Company (The),95 Tennessee Place,Carey
United States,US,ID,Idaho,"Amyris, Inc.",73 Sauthoff Drive,Susan
United States,US,TN,Tennessee,"Fidelity National Financial, Inc.",40 Walton Plaza,Clove
United States,US,NY,New York,Bank of America Corporation,95883 Muir Court,Vera
United States,US,TN,Tennessee,Community Healthcare Trust Incorporated,23218 Meadow Valley Junction,Gateway
United States,US,TX,Texas,"Pulse Biosciences, Inc",566 Kropf Alley,Pankratz
United States,US,GA,Georgia,Ryanair Holdings plc,7 Marquette Lane,Old Shore
United States,US,CA,California,"Oncobiologics, Inc.",12165 Welch Parkway,Pennsylvania
United States,US,GA,Georgia,"Paratek Pharmaceuticals, Inc. ",2 Truax Crossing,Buhler
United States,US,FL,Florida,World Fuel Services Corporation,90106 East Trail,Kinsman
United States,US,MN,Minnesota,Oracle Corporation,62 Mendota Crossing,Dixon
United States,US,TX,Texas,"BeiGene, Ltd.",4 Doe Crossing Circle,Toban
United States,US,OH,Ohio,argenx SE,8553 Brown Drive,Farwell
United States,US,VA,Virginia,"PIMCO Strategic Income Fund, Inc.",482 Sachtjen Center,Boyd
United States,US,NY,New York,"Axcelis Technologies, Inc.",639 Clove Court,Jackson
United States,US,LA,Louisiana,Vanguard Russell 2000 Growth ETF,1 Weeping Birch Hill,Sheridan
United States,US,CO,Colorado,Essent Group Ltd.,09 Muir Road,Continental
United States,US,IN,Indiana,"MACOM Technology Solutions Holdings, Inc.",94 Green Crossing,Acker
United States,US,VA,Virginia,"Culp, Inc.",2006 Lillian Alley,Park Meadow
United States,US,MN,Minnesota,"Moneygram International, Inc.",87939 Arrowood Street,Tennessee
United States,US,TX,Texas,National General Holdings Corp,836 Green Hill,Hanson
United States,US,CT,Connecticut,"GTY Technology Holdings, Inc.",12 David Way,Towne
United States,US,NY,New York,Costamare Inc.,41 Lighthouse Bay Lane,Clove
United States,US,TX,Texas,Nuveen Preferred Income Opportunites Fund,1135 Morrow Drive,Duke
United States,US,OK,Oklahoma,Western Asset Emerging Markets Debt Fund Inc,2 Forest Pass,8th
United States,US,TX,Texas,"Red Robin Gourmet Burgers, Inc.",39424 Harbort Drive,Crownhardt
United States,US,AL,Alabama,"Under Armour, Inc.",7310 Crest Line Crossing,Northport
United States,US,PA,Pennsylvania,Alpha and Omega Semiconductor Limited,071 Mockingbird Street,Golf View
United States,US,WI,Wisconsin,CrossAmerica Partners LP,21 Mandrake Hill,Ramsey
United States,US,IL,Illinois,"Sigma Designs, Inc.",75817 Bluestem Hill,Manufacturers
United States,US,CT,Connecticut,Taitron Components Incorporated,22144 Blackbird Point,2nd
United States,US,DC,District of Columbia,Enel Chile S.A.,3 Nevada Circle,Jackson
United States,US,TX,Texas,"Korea Fund, Inc. (The)",28 Reindahl Circle,Kingsford
United States,US,CO,Colorado,"Bankwell Financial Group, Inc.",88 Esch Terrace,Manley
United States,US,AL,Alabama,"Finjan Holdings, Inc.",54659 Blackbird Center,Blue Bill Park
United States,US,MO,Missouri,Piper Jaffray Companies,36797 Rigney Place,Ridgeway
United States,US,MI,Michigan,Time Inc.,31 Northfield Plaza,Bowman
United States,US,CO,Colorado,Paylocity Holding Corporation,02 Portage Lane,Heffernan
United States,US,PA,Pennsylvania,"Caterpillar, Inc.",069 Texas Center,Clarendon
United States,US,FL,Florida,Diamondrock Hospitality Company,678 Crowley Park,Mcguire
United States,US,IN,Indiana,Grupo Televisa S.A.,81164 Lillian Circle,Delladonna
United States,US,ID,Idaho,"Halyard Health, Inc.",1850 Merrick Plaza,Sullivan
United States,US,PA,Pennsylvania,Teva Pharmaceutical Industries Limited,0 Northwestern Street,Rockefeller
United States,US,NE,Nebraska,Avadel Pharmaceuticals plc,397 Ohio Terrace,Atwood
United States,US,MI,Michigan,Noble Corporation,402 Eliot Circle,Artisan
United States,US,CO,Colorado,Cenveo Inc,367 American Junction,Kinsman
United States,US,MI,Michigan,SVB Financial Group,1217 Bluestem Drive,Clyde Gallagher
United States,US,VA,Virginia,"H&E Equipment Services, Inc.",2346 Harper Plaza,High Crossing
United States,US,FL,Florida,Rocket Fuel Inc.,0 Tomscot Hill,Hermina
United States,US,NJ,New Jersey,Standex International Corporation,0371 Monterey Point,Fair Oaks
United States,US,FL,Florida,"FTI Consulting, Inc.",67628 Mccormick Road,Graedel
United States,US,CA,California,"Blackrock MuniYield Quality Fund III, Inc.",75 Porter Hill,Corben
United States,US,MI,Michigan,Columbus McKinnon Corporation,5 Heath Avenue,Elmside
United States,US,KY,Kentucky,"Mirati Therapeutics, Inc.",23 Summerview Hill,Laurel
United States,US,SC,South Carolina,DAVIDsTEA Inc.,1204 Memorial Terrace,Del Sol
United States,US,CO,Colorado,Hersha Hospitality Trust,934 Upham Avenue,Algoma
United States,US,OH,Ohio,Redhill Biopharma Ltd.,83 Erie Crossing,Sycamore
United States,US,HI,Hawaii,"GenMark Diagnostics, Inc.",28645 Fisk Park,Bashford
United States,US,IA,Iowa,Access National Corporation,597 Del Sol Way,Nelson
United States,US,GA,Georgia,BlueStar TA-BIGITech Israel Technology ETF,09530 Mendota Terrace,Canary
United States,US,NV,Nevada,Solar Senior Capital Ltd.,4598 Coleman Terrace,Mayfield
United States,US,PA,Pennsylvania,BancFirst Corporation,6202 Blaine Drive,Northport
United States,US,FL,Florida,"Hanwha Q CELLS Co., Ltd. ",22 Weeping Birch Place,La Follette
United States,US,CA,California,MB Financial Inc.,848 Cottonwood Trail,Raven
United States,US,NE,Nebraska,Kayne Anderson Energy Development Company,604 Cherokee Plaza,Park Meadow
United States,US,PA,Pennsylvania,Pacific Special Acquisition Corp.,1358 Delladonna Trail,Menomonie
United States,US,CO,Colorado,Verso Corporation,5 Parkside Place,Riverside
United States,US,FL,Florida,M B T Financial Corp,39205 Killdeer Drive,Debra
United States,US,NY,New York,Legg Mason Emerging Markets Diversified Core ETF,516 Waxwing Point,Quincy
United States,US,CA,California,Orbotech Ltd.,2 Mockingbird Plaza,Gerald
United States,US,LA,Louisiana,"Soleno Therapeutics, Inc.",414 Comanche Street,Ludington
United States,US,AZ,Arizona,Deutsche Bank AG,627 Schiller Place,Butternut
United States,US,GA,Georgia,"DWS High Income Opportunities Fund, Inc.",8928 Graceland Park,Cody
United States,US,IA,Iowa,Stellar Acquisition III Inc.,0249 Loeprich Crossing,Londonderry
United States,US,IL,Illinois,"AmTrust Financial Services, Inc.",54 Miller Street,Homewood
United States,US,ID,Idaho,"China Jo-Jo Drugstores, Inc.",3650 Claremont Hill,Lien
United States,US,FL,Florida,EnteroMedics Inc.,01 Mccormick Junction,Forster
United States,US,TX,Texas,"Xilinx, Inc.",14814 Armistice Crossing,Mallory
United States,US,TX,Texas,"Children's Place, Inc. (The)",7 Sachtjen Crossing,Leroy
United States,US,IA,Iowa,"Digital Realty Trust, Inc.",073 Arrowood Court,Thackeray
United States,US,MO,Missouri,Liberty Broadband Corporation,38 Mayfield Court,Magdeline
United States,US,CO,Colorado,"Bojangles', Inc.",71592 Nancy Point,Florence
United States,US,GA,Georgia,Oconee Federal Financial Corp.,582 Riverside Terrace,Leroy
United States,US,MD,Maryland,John Hancock Preferred Income Fund,13 Mayfield Center,Coolidge
United States,US,IN,Indiana,James Hardie Industries plc.,39 Heath Plaza,Sloan
United States,US,FL,Florida,"Vmware, Inc.",090 Schmedeman Lane,Dwight
United States,US,FL,Florida,Immune Pharmaceuticals Inc.,3 Mariners Cove Plaza,Monument
United States,US,DE,Delaware,"Beneficial Bancorp, Inc.",1326 Farragut Parkway,Del Sol
United States,US,FL,Florida,"Novan, Inc.",55071 Homewood Avenue,Commercial
United States,US,FL,Florida,"American Axle & Manufacturing Holdings, Inc.",273 Ludington Avenue,East
United States,US,NY,New York,Chemical Financial Corporation,20 Sunfield Court,Sunfield
United States,US,NJ,New Jersey,"Southside Bancshares, Inc.",7 David Way,Killdeer
United States,US,TX,Texas,"J.C. Penney Company, Inc. Holding Company",4692 Hazelcrest Park,Shoshone
United States,US,TX,Texas,"L3 Technologies, Inc.",30275 Arizona Court,Cambridge
United States,US,UT,Utah,"Perma-Fix Environmental Services, Inc.",77 Loomis Avenue,Eagan
United States,US,KS,Kansas,Public Storage,13523 Carey Court,Service
United States,US,CA,California,MFC Bancorp Ltd.,0 Fairview Point,Lerdahl
United States,US,NC,North Carolina,Express Scripts Holding Company,90520 Browning Street,Cottonwood
United States,US,AL,Alabama,"Worthington Industries, Inc.",5761 Stang Street,Mitchell
United States,US,IA,Iowa,Valley National Bancorp,33265 Ludington Parkway,Pearson
United States,US,CA,California,"Mobile Mini, Inc.",6 Ramsey Alley,Blaine
United States,US,MD,Maryland,John Hancock Income Securities Trust,62 Ridgeview Park,Oakridge
United States,US,FL,Florida,Regal Entertainment Group,3 Jenifer Parkway,Westport
United States,US,TX,Texas,Orion Engineered Carbons S.A,1 Wayridge Circle,Debs
United States,US,CA,California,Gladstone Capital Corporation,25 Shoshone Alley,Boyd
United States,US,WA,Washington,"Republic Services, Inc.",488 Kropf Park,Scofield
United States,US,WI,Wisconsin,Baxter International Inc.,0290 Gina Avenue,Riverside
United States,US,PA,Pennsylvania,"Shoe Carnival, Inc.",37012 Killdeer Alley,Charing Cross
United States,US,WI,Wisconsin,Fortuna Silver Mines Inc.,3807 Moland Place,Rieder
United States,US,MN,Minnesota,Atomera Incorporated,99 Bowman Plaza,Hanson
United States,US,NM,New Mexico,Dr. Reddy's Laboratories Ltd,2714 Linden Park,Pepper Wood
United States,US,KS,Kansas,Eversource Energy,04663 Boyd Hill,Badeau
United States,US,CA,California,"Cadiz, Inc.",96 Mifflin Point,Pennsylvania
United States,US,MA,Massachusetts,"Paycom Software, Inc.",9226 Merchant Center,Prairie Rose
United States,US,TX,Texas,"Select Bancorp, Inc.",506 Talisman Alley,Golden Leaf
United States,US,DC,District of Columbia,Approach Resources Inc.,5266 Hollow Ridge Center,Shoshone
United States,US,MN,Minnesota,"Etsy, Inc.",429 Farwell Hill,Delaware
United States,US,TX,Texas,Mastercard Incorporated,9404 Loeprich Trail,Hanover
United States,US,CA,California,Farmers Capital Bank Corporation,3 Forest Alley,Luster
United States,US,WA,Washington,Black Box Corporation,8478 Towne Way,Graceland
United States,US,KS,Kansas,Citigroup Inc.,086 Goodland Place,Lunder
United States,US,MO,Missouri,"SB Financial Group, Inc.",3663 Russell Circle,Norway Maple
United States,US,VA,Virginia,"Haverty Furniture Companies, Inc.",4283 Brown Plaza,Golf
United States,US,CA,California,Monotype Imaging Holdings Inc.,1 7th Point,Ludington
United States,US,MD,Maryland,"ImmunoGen, Inc.",1690 Talmadge Parkway,Esker
United States,US,WV,West Virginia,"Enphase Energy, Inc.",921 Declaration Center,Meadow Vale
United States,US,TX,Texas,"Methode Electronics, Inc.",96 Sullivan Plaza,Bashford
United States,US,CA,California,"Voya Financial, Inc.",31054 Riverside Pass,Farwell
United States,US,PA,Pennsylvania,"Biomerica, Inc.",6 Nevada Street,Crownhardt
United States,US,VA,Virginia,PowerShares KBW Bank Portfolio,0158 Browning Plaza,Golf Course
United States,US,TX,Texas,Capital City Bank Group,78 Delaware Parkway,Messerschmidt
United States,US,WI,Wisconsin,Lehman ABS Corporation,02 Victoria Avenue,Coleman
United States,US,FL,Florida,Syngenta AG,7535 Stuart Drive,Golf Course
United States,US,TX,Texas,Vista Outdoor Inc.,34111 Weeping Birch Circle,Toban
United States,US,CA,California,International Business Machines Corporation,584 Jay Court,Center
United States,US,SC,South Carolina,"Avid Technology, Inc.",3467 Lotheville Parkway,Farwell
United States,US,MD,Maryland,Global X SuperDividend REIT ETF,510 Miller Trail,Green Ridge
United States,US,TX,Texas,Vornado Realty Trust,3 Dunning Avenue,Esker
United States,US,NY,New York,ATA Inc.,981 Lake View Circle,Green
United States,US,CA,California,"The First Bancshares, Inc.",53 Petterle Alley,Knutson
United States,US,TX,Texas,Lannett Co Inc,2908 Heffernan Alley,Clyde Gallagher
United States,US,TN,Tennessee,"HFF, Inc.",483 Walton Junction,Spenser
United States,US,OK,Oklahoma,BlackRock Municipal Income Trust,04015 Rigney Point,Crest Line
United States,US,CA,California,XOMA Corporation,23 Boyd Court,Acker
United States,US,FL,Florida,"Theravance Biopharma, Inc.",92 Goodland Road,Cottonwood
United States,US,IL,Illinois,"Moleculin Biotech, Inc.",5 Grayhawk Street,3rd
United States,US,FL,Florida,"Exactech, Inc.",071 Anniversary Crossing,Ridgeway
United States,US,KS,Kansas,Synchrony Financial,3 Anthes Plaza,Pond
United States,US,FL,Florida,Barington/Hilco Acquisition Corp.,94490 Corscot Way,Lawn
United States,US,WV,West Virginia,"Allied World Assurance Company Holdings, AG",3171 Maryland Place,Eastlawn
United States,US,LA,Louisiana,Core Laboratories N.V.,1010 Waywood Drive,Maple
United States,US,TX,Texas,Sonic Corp.,7 Golden Leaf Terrace,Calypso
United States,US,TN,Tennessee,Qwest Corporation,95 Ludington Avenue,Anderson
United States,US,TX,Texas,"Threshold Pharmaceuticals, Inc.",543 Northport Parkway,Westend
United States,US,NY,New York,"ConAgra Brands, Inc.",01 Rutledge Circle,Fisk
United States,US,GA,Georgia,"Planet Payment, Inc.",432 Carioca Place,Northfield
United States,US,CT,Connecticut,CNB Financial Corporation,01115 Schiller Court,Shelley
United States,US,TX,Texas,Seaspan Corporation,752 Valley Edge Pass,Park Meadow
United States,US,NY,New York,"AeroVironment, Inc.",84013 Drewry Park,Pond
United States,US,WI,Wisconsin,"Flagstar Bancorp, Inc.",9 Johnson Drive,Badeau
United States,US,FL,Florida,"Cedar Fair, L.P.",6 Troy Lane,Transport
United States,US,WI,Wisconsin,Baker Hughes Incorporated,006 Division Terrace,Kedzie
United States,US,AZ,Arizona,U.S. Bancorp,03 Garrison Street,4th
United States,US,TX,Texas,"RadNet, Inc.",04 Manitowish Plaza,Dixon
United States,US,CO,Colorado,Atlanticus Holdings Corporation,7127 Dixon Point,Hovde
United States,US,OH,Ohio,"Aerohive Networks, Inc.",204 Dakota Drive,Russell
United States,US,TN,Tennessee,"Staffing 360 Solutions, Inc.",36260 Artisan Lane,Moland
United States,US,FL,Florida,"Churchill Downs, Incorporated",7503 Karstens Alley,Blackbird
United States,US,MI,Michigan,"Tortoise Pipeline & Energy Fund, Inc.",3 Eastlawn Plaza,5th
United States,US,MA,Massachusetts,Public Storage,07 Barby Pass,American
United States,US,CA,California,Modern Media Acquisition Corp.,9155 Eagan Junction,Michigan
United States,US,NM,New Mexico,Voya International High Dividend Equity Income Fund,63919 Mcbride Drive,Luster
United States,US,DC,District of Columbia,"Williams-Sonoma, Inc.",58983 Mosinee Avenue,Twin Pines
United States,US,CA,California,Telecom Italia S.P.A.,4843 Fordem Avenue,Prentice
United States,US,GA,Georgia,"Manning & Napier, Inc.",54448 Sullivan Plaza,Debra
United States,US,FL,Florida,"Alexion Pharmaceuticals, Inc.",7 Pepper Wood Alley,Golf View
United States,US,OH,Ohio,Liberty Media Corporation,533 Huxley Road,Erie
United States,US,NV,Nevada,"Barnes & Noble, Inc.",81019 Schiller Avenue,Holy Cross
United States,US,NY,New York,NCR Corporation,62 Starling Point,Bashford
United States,US,TX,Texas,BB&T Corporation,717 Warner Drive,Graedel
United States,US,AL,Alabama,Camden Property Trust,9292 Arapahoe Street,Ramsey
United States,US,IA,Iowa,Bed Bath & Beyond Inc.,2036 6th Avenue,Gerald
United States,US,IN,Indiana,Pacific Premier Bancorp Inc,3360 Everett Crossing,Columbus
United States,US,AR,Arkansas,"Nordstrom, Inc.",56 Almo Way,Schurz
United States,US,TN,Tennessee,"Air Products and Chemicals, Inc.",0 Erie Place,Lukken
United States,US,UT,Utah,pSivida Corp.,12 Village Green Lane,Old Shore
United States,US,ID,Idaho,CardConnect Corp.,6 Acker Crossing,Fuller
United States,US,UT,Utah,Nuveen California Quality Municipal Income Fund,98 Surrey Center,Del Mar
United States,US,VA,Virginia,"MuleSoft, Inc.",243 Thierer Terrace,Delaware
United States,US,VA,Virginia,First Trust Emerging Markets AlphaDEX Fund,903 Bluejay Trail,Loftsgordon
United States,US,CA,California,Hillenbrand Inc,007 Dayton Trail,Texas
United States,US,CA,California,China Rapid Finance Limited,64718 Surrey Circle,Petterle
United States,US,CA,California,"Forrester Research, Inc.",62 Lakeland Alley,Gina
United States,US,GA,Georgia,Morgan Stanley,402 Hermina Road,Forest
United States,US,TX,Texas,Geopark Ltd,32780 Autumn Leaf Center,Ramsey
United States,US,FL,Florida,Stamps.com Inc.,33775 Basil Center,Independence
United States,US,WV,West Virginia,Symantec Corporation,1 Quincy Parkway,Caliangt
United States,US,NE,Nebraska,Mobileye N.V.,80 Sachs Crossing,Huxley
United States,US,DC,District of Columbia,Eaton Vance Municipal Income Trust,9 Sundown Trail,Mccormick
United States,US,OR,Oregon,"Advanced Semiconductor Engineering, Inc.",34371 Sugar Circle,High Crossing
United States,US,NE,Nebraska,Vistra Energy Corp.,280 Valley Edge Street,Fairview
United States,US,KS,Kansas,Service Corporation International,69195 Coolidge Center,Ludington
United States,US,NC,North Carolina,Banco Bilbao Viscaya Argentaria S.A.,842 Talisman Way,Brown
United States,US,NV,Nevada,Intra-Cellular Therapies Inc.,14252 Rusk Junction,Brickson Park
United States,US,PA,Pennsylvania,Nuveen California AMT-Free Quality Municipal Income Fund,64942 Carioca Street,Loomis
United States,US,AL,Alabama,MSG Networks Inc.,91 Green Lane,Dorton
United States,US,ID,Idaho,Callon Petroleum Company,4 Pawling Crossing,West
United States,US,SC,South Carolina,Philip Morris International Inc,67 School Road,Duke
United States,US,NC,North Carolina,"Smith & Nephew SNATS, Inc.",0 John Wall Street,Hudson
United States,US,SC,South Carolina,NBT Bancorp Inc.,2913 Ramsey Plaza,Warrior
United States,US,IN,Indiana,Protective Life Corporation,29 Moose Center,Namekagon
United States,US,PA,Pennsylvania,Nuveen Ohio Quality Municipal Income Fund,262 Golden Leaf Court,Kennedy
United States,US,LA,Louisiana,Cumberland Pharmaceuticals Inc.,9680 Victoria Street,Tennessee
United States,US,FL,Florida,"Hudson Global, Inc.",17662 Pine View Park,Morrow
United States,US,CA,California,"Gores Holdings II, Inc.",68936 Donald Pass,Anhalt
United States,US,VA,Virginia,"Pepsico, Inc.",8248 Emmet Trail,Sunnyside
United States,US,OK,Oklahoma,Destination Maternity Corporation,77 5th Alley,Scofield
United States,US,NY,New York,Giga-tronics Incorporated,8 Elka Lane,Brown
United States,US,CA,California,"ADTRAN, Inc.",48 Warbler Way,Southridge
United States,US,TX,Texas,Sears Holdings Corporation,1631 Melody Street,Kedzie
United States,US,NY,New York,Lehman ABS Corporation,885 Fallview Point,Bluestem
United States,US,NE,Nebraska,Sibanye Gold Limited,39385 Erie Trail,Forest Dale
United States,US,TX,Texas,"Moxian, Inc.",94 Thompson Road,Ryan
United States,US,AZ,Arizona,Diana Containerships Inc.,5 Starling Drive,Fuller
United States,US,IN,Indiana,Telecom Italia S.P.A.,20 Huxley Street,Del Sol
United States,US,AL,Alabama,Cerecor Inc.,85447 Merrick Way,Prentice
United States,US,MD,Maryland,"Forrester Research, Inc.",24 Shoshone Way,Carpenter
United States,US,NY,New York,DTE Energy Company,958 Moland Pass,Schlimgen
United States,US,NY,New York,"Cedar Fair, L.P.",4 Golf Pass,Sloan
United States,US,IN,Indiana,"Summit Hotel Properties, Inc.",826 Eliot Center,Weeping Birch
United States,US,CA,California,Proshares UltraPro Nasdaq Biotechnology,72 Lindbergh Place,Hoffman
United States,US,MI,Michigan,"Intersect ENT, Inc.",7 Meadow Valley Crossing,Lukken
United States,US,IA,Iowa,"GenVec, Inc.",448 Macpherson Crossing,Marquette
United States,US,IL,Illinois,"Builders FirstSource, Inc.",45106 Browning Hill,Ohio
United States,US,CO,Colorado,W.P. Carey Inc.,1 Eliot Court,Crownhardt
United States,US,NY,New York,TCP Capital Corp.,6521 Fairfield Court,Center
United States,US,CA,California,Occidental Petroleum Corporation,74449 Mcguire Trail,Aberg
United States,US,UT,Utah,"Ascent Capital Group, Inc.",3 Lakewood Place,Fairfield
United States,US,CA,California,"Viking Therapeutics, Inc.",401 Reinke Drive,Glendale
United States,US,AL,Alabama,"Keryx Biopharmaceuticals, Inc.",6 Ilene Alley,Algoma
United States,US,TX,Texas,Minerals Technologies Inc.,98 Carioca Center,Fremont
United States,US,TN,Tennessee,Armstrong World Industries Inc,44071 Rusk Pass,Ronald Regan
United States,US,IN,Indiana,iRobot Corporation,639 Waxwing Place,Lawn
United States,US,CA,California,BlackRock Multi-Sector Income Trust,656 Brentwood Court,Burrows
United States,US,WA,Washington,Nuveen Dow 30SM Dynamic Overwrite Fund,7670 Lindbergh Lane,Ludington
United States,US,TN,Tennessee,LCNB Corporation,58 Cardinal Court,Fallview
United States,US,MO,Missouri,World Acceptance Corporation,22 Granby Road,Mesta
United States,US,AZ,Arizona,Universal Electronics Inc.,2493 Waxwing Drive,Beilfuss
United States,US,MD,Maryland,China Cord Blood Corporation,18136 Caliangt Park,Kedzie
United States,US,TN,Tennessee,"NewStar Financial, Inc.",99643 Lindbergh Junction,Comanche
United States,US,NM,New Mexico,Allergan plc.,7228 Prairieview Road,Hazelcrest
United States,US,GA,Georgia,"Equus Total Return, Inc.",0237 Holmberg Plaza,Marquette
United States,US,CA,California,Honeywell International Inc.,09 Reindahl Hill,Kinsman
United States,US,MN,Minnesota,"Kona Grill, Inc.",670 Forest Run Plaza,Wayridge
United States,US,TX,Texas,Vornado Realty Trust,71 Summit Lane,Dottie
United States,US,UT,Utah,"Inspired Entertainment, Inc.",26221 Carioca Junction,Farmco
United States,US,CT,Connecticut,"Ocean Power Technologies, Inc.",06 Bartelt Parkway,School
United States,US,DC,District of Columbia,Perrigo Company,3377 Forest Dale Place,Bashford
United States,US,NY,New York,"CNO Financial Group, Inc.",64711 Florence Way,Hazelcrest
United States,US,MO,Missouri,Genetic Technologies Ltd,899 Karstens Pass,Goodland
United States,US,MD,Maryland,"Soligenix, Inc.",65285 Bellgrove Place,Novick
United States,US,MO,Missouri,Fastenal Company,967 South Hill,Lake View
United States,US,IN,Indiana,Ameren Corporation,25 Portage Plaza,Artisan
United States,US,TX,Texas,Equity Commonwealth,4 Emmet Center,Loomis
United States,US,AL,Alabama,"OneBeacon Insurance Group, Ltd.",829 Knutson Parkway,Sherman
United States,US,TX,Texas,Ivy NextShares,3191 School Hill,Sachtjen
United States,US,NY,New York,Visteon Corporation,5082 Loftsgordon Park,Wayridge
United States,US,TX,Texas,First Defiance Financial Corp.,4020 Summer Ridge Avenue,Eastlawn
United States,US,DC,District of Columbia,"Netflix, Inc.",04 Reindahl Court,Sommers
United States,US,MN,Minnesota,"PayPal Holdings, Inc.",4 Erie Park,Shasta
United States,US,VA,Virginia,VictoryShares Developed Enhanced Volatility Wtd ETF,22340 Fairfield Hill,Golf Course
United States,US,AL,Alabama,"Berry Global Group, Inc.",8939 Hagan Drive,Aberg
United States,US,TX,Texas,Compugen Ltd.,43 Valley Edge Avenue,Novick
United States,US,FL,Florida,Mobileye N.V.,737 Manley Hill,Oak Valley
United States,US,CT,Connecticut,"PrivateBancorp, Inc.",8 Crowley Alley,Summit
United States,US,TX,Texas,First Trust BICK Index Fund,98 Oxford Pass,Carey
United States,US,KS,Kansas,James Hardie Industries plc.,948 Barnett Junction,Lake View
United States,US,KS,Kansas,Eaton Vance Corporation,527 Briar Crest Road,Steensland
United States,US,TX,Texas,ACADIA Pharmaceuticals Inc.,20 Service Trail,Dottie
United States,US,OH,Ohio,GATX Corporation,4 Roth Plaza,Scott
United States,US,TX,Texas,Manulife Financial Corp,484 Hauk Parkway,Westridge
United States,US,DE,Delaware,DarioHealth Corp.,5620 Morrow Road,Hermina
United States,US,FL,Florida,"Discovery Communications, Inc.",630 Packers Alley,Milwaukee
United States,US,MN,Minnesota,"LogMein, Inc.",9026 Mandrake Street,Oxford
United States,US,WV,West Virginia,International Paper Company,700 Linden Parkway,Hoepker
United States,US,AZ,Arizona,"Watsco, Inc.",614 Northwestern Lane,Erie
United States,US,FL,Florida,"China Fund, Inc. (The)",81 Butternut Drive,Russell
United States,US,FL,Florida,Boyd Gaming Corporation,9 Melby Court,Schurz
United States,US,MD,Maryland,"Tortoise Energy Independence Fund, Inc.",2 5th Terrace,Forest Dale
United States,US,KS,Kansas,"Thor Industries, Inc.",53327 Beilfuss Place,American
United States,US,NC,North Carolina,"The Hain Celestial Group, Inc.",73149 Vera Junction,Northridge
United States,US,FL,Florida,Western Asset/Claymore U.S Treasury Inflation Prot Secs Fd 2,8 Pepper Wood Center,Claremont
United States,US,TX,Texas,"Juniper Pharmaceuticals, Inc.",30051 Ryan Terrace,Becker
United States,US,WI,Wisconsin,Equity Residential,38 International Way,Twin Pines
United States,US,AL,Alabama,"PDF Solutions, Inc.",441 Lukken Crossing,Corscot
United States,US,MO,Missouri,"Banc of California, Inc.",96995 Karstens Drive,New Castle
United States,US,TX,Texas,"Lawson Products, Inc.",34825 Springs Center,Lunder
United States,US,IL,Illinois,"Analog Devices, Inc.",53 Hanover Center,Russell
United States,US,KS,Kansas,"Shell Midstream Partners, L.P.",6108 Mallory Point,Maple
United States,US,TX,Texas,Signature Bank,0184 4th Trail,Fallview
United States,US,CA,California,MicroStrategy Incorporated,32475 Luster Place,Longview
United States,US,FL,Florida,Nomad Foods Limited,650 Homewood Pass,Mayer
United States,US,TX,Texas,PowerShares Nasdaq Internet Portfolio,337 Summer Ridge Junction,Toban
United States,US,NC,North Carolina,Ball Corporation,0575 Forest Alley,Hanover
United States,US,DC,District of Columbia,M III Acquisition Corp.,9 4th Drive,Stephen
United States,US,WI,Wisconsin,Blackrock Municipal Income Quality Trust,5 Hoard Avenue,Bartelt
United States,US,MN,Minnesota,"Extraction Oil & Gas, Inc.",422 Pepper Wood Center,Manley
United States,US,CT,Connecticut,"HV Bancorp, Inc.",712 Bay Junction,Hintze
United States,US,NC,North Carolina,"Reinsurance Group of America, Incorporated",01 Goodland Point,Sugar
United States,US,DC,District of Columbia,CoreSite Realty Corporation,26898 Ilene Parkway,Kenwood
United States,US,WA,Washington,VanEck Vectors Pharmaceutical ETF,45974 Sutteridge Pass,Cody
United States,US,UT,Utah,Liberty All-Star Equity Fund,99695 Michigan Crossing,Schurz
United States,US,OR,Oregon,Tuniu Corporation,9 Vidon Plaza,Donald
United States,US,NV,Nevada,Kimco Realty Corporation,00 Basil Park,David
United States,US,VA,Virginia,OFG Bancorp,6745 Melrose Hill,Loftsgordon
United States,US,MA,Massachusetts,Seaspan Corporation,01 Nova Junction,Ruskin
United States,US,TX,Texas,Comcast Corporation,1112 Doe Crossing Pass,Clemons
United States,US,FL,Florida,Valvoline Inc.,8737 La Follette Avenue,Village
United States,US,CA,California,"Salem Media Group, Inc.",59 Alpine Avenue,Iowa
United States,US,FL,Florida,"MEI Pharma, Inc.",8968 Luster Drive,1st
United States,US,NC,North Carolina,La Jolla Pharmaceutical Company,6 Graceland Plaza,Mendota
United States,US,IN,Indiana,"Allete, Inc.",9 Luster Point,Stang
United States,US,OH,Ohio,Rosehill Resources Inc.,34 Bluestem Drive,Farragut
United States,US,CA,California,Government Properties Income Trust,8163 Cardinal Drive,Heath
United States,US,VA,Virginia,Government Properties Income Trust,73296 Dwight Circle,Dapin
United States,US,FL,Florida,"Insys Therapeutics, Inc.",14516 Sage Way,Towne
United States,US,DC,District of Columbia,IQ Chaikin U.S. Small Cap ETF,4699 Iowa Alley,Dorton
United States,US,OH,Ohio,"Editas Medicine, Inc.",3552 Forest Run Alley,Mariners Cove
United States,US,CA,California,DTE Energy Company,667 Veith Terrace,Manufacturers
United States,US,FL,Florida,"Carolina Trust BancShares, Inc.",362 Fairfield Place,Vahlen
United States,US,IL,Illinois,First Trust Specialty Finance and Financial Opportunities Fund,6676 Graedel Alley,Chive
United States,US,FL,Florida,Container Store (The),525 Kings Park,Saint Paul
United States,US,TN,Tennessee,"Diversified Restaurant Holdings, Inc.",9161 Bultman Crossing,Eagle Crest
United States,US,CA,California,"Perma-Fix Environmental Services, Inc.",733 Nancy Hill,Vernon
United States,US,CA,California,"Southern First Bancshares, Inc.",2 Iowa Junction,Center
United States,US,DC,District of Columbia,Sears Canada Inc. ,6 Nancy Park,Corscot
United States,US,MD,Maryland,First Trust Switzerland AlphaDEX Fund,968 Havey Lane,Crownhardt
United States,US,IN,Indiana,"ICU Medical, Inc.",414 6th Avenue,Clove
United States,US,PA,Pennsylvania,Entegra Financial Corp.,3 Sunnyside Trail,Fair Oaks
United States,US,TX,Texas,"Tabula Rasa HealthCare, Inc.",0 Buena Vista Road,Northland
United States,US,MI,Michigan,AllianzGI Equity & Convertible Income Fund,44244 Glacier Hill Road,Corry
United States,US,SC,South Carolina,Ecolab Inc.,7 Crownhardt Terrace,Browning
United States,US,CA,California,"Calix, Inc",80035 Summer Ridge Place,Boyd
United States,US,NY,New York,Check-Cap Ltd.,574 Scoville Road,Hanover
United States,US,CT,Connecticut,"Applied Materials, Inc.",66 Dwight Road,Crowley
United States,US,MT,Montana,Sanchez Energy Corporation,409 Jana Street,Pierstorff
United States,US,MD,Maryland,"Royce Micro-Cap Trust, Inc.",6 Riverside Junction,Roth
United States,US,KS,Kansas,Ryanair Holdings plc,9083 Sutherland Hill,Buell
United States,US,CA,California,Aptevo Therapeutics Inc.,94423 Armistice Plaza,Chive
United States,US,TX,Texas,VALE S.A.,128 7th Pass,Trailsway
United States,US,FL,Florida,OM Asset Management plc,05 Independence Terrace,Eliot
United States,US,TX,Texas,iPath US Treasury Flattener ETN,8 Nancy Circle,Moland
United States,US,IL,Illinois,CombiMatrix Corporation,11 Melby Trail,Elmside
United States,US,TX,Texas,"AxoGen, Inc.",1 Autumn Leaf Crossing,Michigan
United States,US,VA,Virginia,"YRC Worldwide, Inc.",31668 Carey Pass,Kings
United States,US,TX,Texas,"Palo Alto Networks, Inc.",820 Arrowood Drive,Oak Valley
United States,US,SC,South Carolina,"Select Energy Services, Inc.",1261 Bashford Terrace,Hanson
United States,US,MN,Minnesota,"Proto Labs, Inc.",92801 Fair Oaks Trail,Talisman
United States,US,CA,California,iPath US Treasury Steepener ETN,72406 Mariners Cove Court,Gateway
United States,US,CA,California,"Orchid Island Capital, Inc.",8 David Plaza,Basil
United States,US,LA,Louisiana,Orix Corp Ads,04117 Clyde Gallagher Hill,Blue Bill Park
United States,US,KS,Kansas,"PC Connection, Inc.",2974 Summit Avenue,Dakota
United States,US,WI,Wisconsin,Cathay General Bancorp,7 Dwight Junction,Maywood
United States,US,TX,Texas,Mesa Royalty Trust,711 Dovetail Road,Scofield
United States,US,NV,Nevada,iStar Financial Inc.,68814 8th Circle,6th
United States,US,NY,New York,"Henry Schein, Inc.",5 Bartillon Crossing,Anderson
United States,US,IN,Indiana,"Century Casinos, Inc.",0 Havey Circle,Sauthoff
United States,US,LA,Louisiana,Asbury Automotive Group Inc,009 David Street,Hayes
United States,US,IL,Illinois,"Argo Group International Holdings, Ltd.",967 Birchwood Terrace,Clyde Gallagher
United States,US,TX,Texas,Tuniu Corporation,39928 Autumn Leaf Drive,Michigan
United States,US,MA,Massachusetts,"SandRidge Energy, Inc.",27253 Village Green Place,Corry
United States,US,CA,California,"Simon Property Group, Inc.",6766 Porter Court,Bluejay
United States,US,OH,Ohio,"Superior Industries International, Inc.",0 Glacier Hill Way,Cambridge
United States,US,DC,District of Columbia,"Akoustis Technologies, Inc.",674 Ilene Park,Hanover
United States,US,WV,West Virginia,Stellar Acquisition III Inc.,1 Service Junction,Farmco
United States,US,OH,Ohio,"EnLink Midstream Partners, LP",880 Old Gate Place,Lerdahl
United States,US,FL,Florida,First Horizon National Corporation,146 Hallows Terrace,Fuller
United States,US,TX,Texas,Valero Energy Partners LP,4 Pierstorff Parkway,Little Fleur
United States,US,WA,Washington,"Hallmark Financial Services, Inc.",88 Artisan Park,Blaine
United States,US,CA,California,"Omnicell, Inc.",2294 3rd Terrace,Center
United States,US,MA,Massachusetts,"Provident Financial Services, Inc",7 Moland Circle,Buena Vista
United States,US,CA,California,"MINDBODY, Inc.",3891 Delladonna Way,Sachtjen
United States,US,NC,North Carolina,M&T Bank Corporation,76780 Randy Avenue,Rowland
United States,US,WV,West Virginia,Cresud S.A.C.I.F. y A.,3 Kennedy Alley,Helena
United States,US,AZ,Arizona,BOK Financial Corporation,7 Kingsford Place,Delaware
United States,US,CA,California,"Cleveland BioLabs, Inc.",77 Randy Parkway,Buena Vista
United States,US,TX,Texas,"Novavax, Inc.",256 Elka Drive,Atwood
United States,US,NV,Nevada,CrossAmerica Partners LP,408 Glendale Drive,5th
United States,US,AZ,Arizona,"VeriSign, Inc.",07530 Russell Trail,Paget
United States,US,FL,Florida,China Unicom (Hong Kong) Ltd,082 Kennedy Circle,Westerfield
United States,US,SC,South Carolina,Pan American Silver Corp.,9 Redwing Drive,Barnett
United States,US,KS,Kansas,Invesco California Value Municipal Income Trust,833 7th Street,Grayhawk
United States,US,WV,West Virginia,"Cross Country Healthcare, Inc.",5 Gateway Crossing,Center
United States,US,TX,Texas,Foresight Energy LP,42841 Dakota Center,Carpenter
United States,US,DC,District of Columbia,Archer-Daniels-Midland Company,9732 Magdeline Center,Hagan
United States,US,CA,California,Marriott International,4368 Novick Pass,Carey
United States,US,AL,Alabama,PowerShares Russell 1000 Low Beta Equal Weight Portfolio,7575 Vernon Trail,Melvin
United States,US,VA,Virginia,E*TRADE Financial Corporation,72 Mallard Crossing,Rockefeller
United States,US,TN,Tennessee,OHA Investment Corporation,65 Crownhardt Trail,Arkansas
United States,US,ID,Idaho,TriplePoint Venture Growth BDC Corp.,19 Northwestern Terrace,Ronald Regan
United States,US,AL,Alabama,"Henry Schein, Inc.",14 Schlimgen Pass,Spaight
United States,US,CA,California,"Franklin Financial Network, Inc.",339 Esker Hill,Heath
United States,US,TX,Texas,iStar Financial Inc.,04754 Texas Point,Sundown
United States,US,MA,Massachusetts,Harmony Merger Corp.,4454 Clove Trail,Fairfield
United States,US,WV,West Virginia,"Rennova Health, Inc.",83523 Barnett Lane,Springview
United States,US,VA,Virginia,"Organovo Holdings, Inc.",48 Ilene Road,Utah
United States,US,OR,Oregon,"Valeritas Holdings, Inc.",339 Killdeer Circle,Barnett
United States,US,CA,California,"BMC Stock Holdings, Inc.",39021 Del Mar Lane,Gale
United States,US,NY,New York,"Liberty Expedia Holdings, Inc.",21 Leroy Pass,Birchwood
United States,US,OK,Oklahoma,Banco De Chile,594 Express Park,Stang
United States,US,FL,Florida,Fortive Corporation,4 Old Shore Crossing,Ronald Regan
United States,US,IL,Illinois,"DWS High Income Opportunities Fund, Inc.",4515 Fulton Crossing,Birchwood
United States,US,CA,California,"Broadwind Energy, Inc.",5856 Ohio Avenue,Portage
United States,US,TX,Texas,Southern California Edison Company,24 Nobel Junction,Grayhawk
United States,US,NY,New York,"Vermillion, Inc.",113 Walton Plaza,Calypso
United States,US,IA,Iowa,Emclaire Financial Corp,7857 5th Junction,Bartillon
United States,US,NC,North Carolina,"Blackhawk Network Holdings, Inc.",93849 Butterfield Point,Chinook
United States,US,NC,North Carolina,"Corium International, Inc.",64305 Delladonna Alley,4th
United States,US,KS,Kansas,Berkshire Hathaway Inc.,13855 Mandrake Crossing,Arapahoe
United States,US,MN,Minnesota,Sprint Corporation,63 Longview Place,Laurel
United States,US,TX,Texas,Logitech International S.A.,23345 Springview Terrace,Logan
United States,US,WA,Washington,"B. Riley Financial, Inc.",24 Russell Crossing,Warrior
United States,US,TX,Texas,"World Wrestling Entertainment, Inc.",2 John Wall Trail,Brown
United States,US,VA,Virginia,"PolarityTE, Inc.",9 Ruskin Street,Merchant
United States,US,OH,Ohio,"Remark Holdings, Inc.",9339 Arrowood Parkway,Ilene
United States,US,VA,Virginia,Nustar Energy L.P.,84766 Fairfield Lane,Swallow
United States,US,CA,California,Global X FinTech ETF,1521 Amoth Circle,Mariners Cove
United States,US,NY,New York,Dynasil Corporation of America,17 Trailsway Drive,Johnson
United States,US,HI,Hawaii,"Interface, Inc.",9 Sunnyside Point,Thompson
United States,US,KY,Kentucky,Star Bulk Carriers Corp.,1 Elmside Trail,Darwin
United States,US,OK,Oklahoma,"Thermon Group Holdings, Inc.",1224 Waywood Avenue,Buena Vista
United States,US,FL,Florida,"United Dominion Realty Trust, Inc.",3267 Toban Trail,Bartillon
United States,US,PA,Pennsylvania,Capstone Turbine Corporation,46 Ridgeview Point,Drewry
United States,US,OK,Oklahoma,"Liberty Tax, Inc.",35861 Lyons Hill,Division
United States,US,FL,Florida,Sotherly Hotels LP,60964 Namekagon Place,Onsgard
United States,US,AL,Alabama,Farmers Capital Bank Corporation,496 Carey Terrace,Ridgeview
United States,US,OR,Oregon,Atento S.A.,12 Kim Point,Moulton
United States,US,MI,Michigan,iShares MSCI New Zealand Capped ETF,180 Dawn Place,Green Ridge
United States,US,KS,Kansas,Matlin & Partners Acquisition Corporation,642 Briar Crest Road,Morning
United States,US,ID,Idaho,PowerShares Variable Rate Investment Grade Portfolio,8031 Westerfield Hill,Old Gate
United States,US,AL,Alabama,"Heron Therapeutics, Inc.  ",5718 Garrison Park,Moland
United States,US,TN,Tennessee,MFS Intermediate Income Trust,8460 Muir Trail,Welch
United States,US,NY,New York,Blackstone GSO Long Short Credit Income Fund,17202 Chive Street,Bellgrove
United States,US,NC,North Carolina,"Dynex Capital, Inc.",6 Blaine Center,Calypso
United States,US,IA,Iowa,"Super Micro Computer, Inc.",2018 Esch Trail,Truax
United States,US,NY,New York,"CommerceHub, Inc.",5120 Village Green Hill,Hudson
United States,US,WI,Wisconsin,Southern Company (The),24347 Summit Trail,Sauthoff
United States,US,WI,Wisconsin,Splunk Inc.,01976 Mallard Trail,Daystar
United States,US,CA,California,"SeaChange International, Inc.",40253 Corry Parkway,Linden
United States,US,MI,Michigan,Seaspan Corporation,2 Eggendart Crossing,Loomis
United States,US,AZ,Arizona,"Paycom Software, Inc.",58651 Manley Place,Crownhardt
United States,US,DC,District of Columbia,Walt Disney Company (The),873 Lyons Terrace,Eastlawn
United States,US,GA,Georgia,PIMCO Dynamic Credit and Mortgage Income Fund,67401 Jana Terrace,Sundown
United States,US,MI,Michigan,"Town Sports International Holdings, Inc.",06 Emmet Circle,Golden Leaf
United States,US,CA,California,Motif Bio plc,9 Nevada Hill,Arizona
United States,US,FL,Florida,Hess Corporation,636 Talmadge Way,Pond
United States,US,NY,New York,Principal Healthcare Innovators Index ETF,7 Gina Center,Green
United States,US,GA,Georgia,Associated Banc-Corp,9653 Graedel Street,Warner
United States,US,PA,Pennsylvania,"SharpSpring, Inc.",7 Paget Crossing,Bashford
United States,US,NJ,New Jersey,Avista Healthcare Public Acquisition Corp.,59394 Summerview Street,South
United States,US,AL,Alabama,"Match Group, Inc.",6 Armistice Lane,Banding
United States,US,TX,Texas,Green Plains Partners LP,5 Johnson Avenue,Marquette
United States,US,CT,Connecticut,"Mitcham Industries, Inc.",47 Glacier Hill Trail,Moose
United States,US,MA,Massachusetts,"Citizens, Inc.",9 Briar Crest Terrace,West
United States,US,CO,Colorado,"Host Hotels & Resorts, Inc.",953 Hansons Pass,Stang
United States,US,IN,Indiana,DISH Network Corporation,96547 Raven Lane,Carberry
United States,US,CA,California,OCI Partners LP,018 Vahlen Terrace,Rieder
United States,US,DC,District of Columbia,Aflac Incorporated,9 Clemons Lane,Shopko
United States,US,MI,Michigan,Belmond Ltd.,05 Maryland Center,Norway Maple
United States,US,TX,Texas,"Axon Enterprise, Inc.",3 Thackeray Street,Grayhawk
United States,US,CA,California,Insulet Corporation,309 Dryden Hill,Marcy
United States,US,NC,North Carolina,Prana Biotechnology Ltd,112 Maple Wood Pass,Ryan
United States,US,CO,Colorado,"Celldex Therapeutics, Inc.",171 Dottie Plaza,Meadow Valley
United States,US,WI,Wisconsin,"Mirati Therapeutics, Inc.",9 Lukken Street,Wayridge
United States,US,IN,Indiana,Deutsch Bk Contingent Cap Tr V,471 Goodland Park,Raven
United States,US,AL,Alabama,OceanFirst Financial Corp.,09745 Sage Lane,Fordem
United States,US,OH,Ohio,WSI Industries Inc.,28935 Nova Way,Lake View
United States,US,AZ,Arizona,"Tableau Software, Inc.",947 Portage Trail,Reindahl
United States,US,AZ,Arizona,The AES Corporation,2551 Montana Junction,Heath
United States,US,NJ,New Jersey,"SeaWorld Entertainment, Inc.",9710 Northfield Parkway,Buell
United States,US,CA,California,W.R. Berkley Corporation,9 Moland Plaza,Union
United States,US,ID,Idaho,First Trust Canada AlphaDEX Fund,362 Ryan Point,Utah
United States,US,IL,Illinois,Colgate-Palmolive Company,20198 Sachs Plaza,Commercial
United States,US,NY,New York,"FlexShopper, Inc.",76 Main Point,Arapahoe
United States,US,MA,Massachusetts,"Rand Logistics, Inc.",54390 Packers Court,Vera
United States,US,FL,Florida,"Axon Enterprise, Inc.",29667 Meadow Vale Street,Utah
United States,US,VA,Virginia,MEDIFAST INC,00266 Superior Junction,Lyons
United States,US,KY,Kentucky,"Richardson Electronics, Ltd.",92 Maryland Street,2nd
United States,US,VA,Virginia,"ARMOUR Residential REIT, Inc.",48 Bartelt Point,Tomscot
United States,US,TX,Texas,STMicroelectronics N.V.,06 La Follette Plaza,Dunning
United States,US,TX,Texas,"Biostar Pharmaceuticals, Inc.",0 Graedel Circle,Killdeer
United States,US,KS,Kansas,"NextEra Energy, Inc.",5 Twin Pines Court,Fair Oaks
United States,US,CO,Colorado,"Surgery Partners, Inc.",3686 Riverside Drive,Holy Cross
United States,US,AZ,Arizona,"Selective Insurance Group, Inc.",49 Spenser Parkway,Merchant
United States,US,IL,Illinois,Cellect Biotechnology Ltd.,4 International Point,Fulton
United States,US,MA,Massachusetts,"AxoGen, Inc.",05 Sage Alley,Michigan
United States,US,FL,Florida,RLJ Lodging Trust,9953 Northridge Place,Fairview
United States,US,WV,West Virginia,"Juniper Pharmaceuticals, Inc.",7378 Bunting Junction,Valley Edge
United States,US,IN,Indiana,Andina Acquisition Corp. II,47388 Little Fleur Center,Mendota
United States,US,VA,Virginia,Triangle Capital Corporation,7281 Porter Park,Harper
United States,US,MO,Missouri,Western Asset Bond Fund,3 Johnson Center,Sherman
United States,US,CA,California,"Pinnacle Financial Partners, Inc.",68445 Corry Trail,Hauk
United States,US,NC,North Carolina,"Dover Motorsports, Inc.",26108 Dennis Center,Walton
United States,US,ME,Maine,"BioDelivery Sciences International, Inc.",454 Anthes Terrace,Dovetail
United States,US,AZ,Arizona,Gladstone Commercial Corporation,48 Jackson Place,Pine View
United States,US,NY,New York,"RiverNorth Opportunities Fund, Inc.",90582 Dryden Center,Menomonie
United States,US,NY,New York,"Autodesk, Inc.",1 Ridge Oak Lane,Bellgrove
United States,US,MD,Maryland,"Howard Bancorp, Inc.",1 Mallory Circle,Kipling
United States,US,NC,North Carolina,Flaherty & Crumrine Preferred Income Opportunity Fund Inc,4512 Mandrake Junction,Anniversary
United States,US,TN,Tennessee,Camden Property Trust,45 Emmet Plaza,Hermina
United States,US,IN,Indiana,VWR Corporation,17546 Tomscot Drive,Sunnyside
United States,US,DC,District of Columbia,"Tortoise Pipeline & Energy Fund, Inc.",23 Lake View Trail,Northwestern
United States,US,PA,Pennsylvania,"Rockwell Collins, Inc.",523 Hansons Court,Myrtle
United States,US,FL,Florida,Netshoes (Cayman) Limited,4 Redwing Terrace,American Ash
United States,US,AZ,Arizona,"Rennova Health, Inc.",7 Hoard Terrace,Spohn
United States,US,NC,North Carolina,"Twenty-First Century Fox, Inc.",7704 Welch Park,Stoughton
United States,US,CO,Colorado,Morgan Stanley,8208 Riverside Trail,Golf Course
United States,US,NY,New York,Security National Financial Corporation,5 Burrows Way,Stoughton
United States,US,CA,California,Technical Communications Corporation,8 4th Pass,East
United States,US,AZ,Arizona,Quorum Health Corporation,51 Onsgard Hill,Oakridge
United States,US,MN,Minnesota,"The Habit Restaurants, Inc.",63 Carey Trail,Petterle
United States,US,TX,Texas,"American Public Education, Inc.",25702 David Point,Burrows
United States,US,IL,Illinois,"Gibraltar Industries, Inc.",537 Rowland Plaza,Scott
United States,US,AL,Alabama,CoreSite Realty Corporation,5810 Troy Hill,Barby
United States,US,NM,New Mexico,"Blackrock MuniYield Quality Fund II, Inc.",3 Hagan Hill,Bashford
United States,US,NY,New York,Hecla Mining Company,4 Thackeray Point,Forest Dale
United States,US,TX,Texas,Rite Aid Corporation,4637 Del Mar Pass,Bellgrove
United States,US,CA,California,"Okta, Inc.",93967 Eastwood Center,Eagle Crest
United States,US,WV,West Virginia,Bank Of New York Mellon Corporation (The),1884 Straubel Point,Dunning
United States,US,CA,California,Double Eagle Acquisition Corp.,2 Jana Drive,Cherokee
United States,US,TX,Texas,"Ossen Innovation Co., Ltd.",7 Orin Trail,Nancy
United States,US,NC,North Carolina,CafePress Inc.,3 Glendale Terrace,Harbort
United States,US,MI,Michigan,ASML Holding N.V.,0 Golf Course Park,Magdeline
United States,US,MN,Minnesota,Delaware Enhanced Global Dividend,832 Shasta Parkway,Veith
United States,US,OK,Oklahoma,"Advanced Semiconductor Engineering, Inc.",44898 Sloan Junction,Forest
United States,US,LA,Louisiana,"NCS Multistage Holdings, Inc.",8400 5th Road,Garrison
United States,US,WA,Washington,"EnLink Midstream, LLC",89812 Center Crossing,Logan
United States,US,MN,Minnesota,Tronox Limited,69103 Huxley Court,Donald
United States,US,FL,Florida,Fomento Economico Mexicano S.A.B. de C.V.,678 Everett Trail,Tony
United States,US,CA,California,Taiwan Semiconductor Manufacturing Company Ltd.,6 Russell Junction,Warner
United States,US,WI,Wisconsin,Kate Spade & Company,010 Trailsway Place,Lerdahl
United States,US,TX,Texas,"Freeport-McMoran, Inc.",2 Bonner Alley,American
United States,US,MN,Minnesota,Voya International High Dividend Equity Income Fund,45495 Manley Court,Brentwood
United States,US,TX,Texas,"Marten Transport, Ltd.",948 Grim Plaza,Killdeer
United States,US,KS,Kansas,Credicorp Ltd.,72 Basil Alley,Corscot
United States,US,TX,Texas,BlackRock Utility and Infrastructure Trust,52 Bashford Terrace,Riverside
United States,US,SC,South Carolina,"Tootsie Roll Industries, Inc.",72819 Blackbird Circle,Pawling
United States,US,TX,Texas,Credit Acceptance Corporation,01 Sheridan Trail,Manley
United States,US,GA,Georgia,Axar Acquisition Corp.,2463 Transport Junction,Division
United States,US,CA,California,Hudbay Minerals Inc.,7608 Golf Avenue,Warner
United States,US,NY,New York,"Valhi, Inc.",2530 2nd Parkway,Sage
United States,US,FL,Florida,CNOOC Limited,4936 Kinsman Street,Roth
United States,US,TX,Texas,"Natuzzi, S.p.A.",482 Kennedy Junction,Maryland
United States,US,LA,Louisiana,"Weis Markets, Inc.",0 Onsgard Circle,Coleman
United States,US,CA,California,"Sun Communities, Inc.",24899 Dryden Terrace,Killdeer
United States,US,GA,Georgia,"Flotek Industries, Inc.",014 Oriole Circle,Sheridan
United States,US,IL,Illinois,Nuveen Floating Rate Income Opportuntiy Fund,3 Prairie Rose Terrace,8th
United States,US,LA,Louisiana,Global Partner Acquisition Corp.,91 Burrows Road,Oriole
United States,US,TX,Texas,"One Horizon Group, Inc.",587 Marquette Drive,Lake View
United States,US,IN,Indiana,AdvisorShares Market Adaptive Unconstrained Income ETF,03 Bartillon Drive,Sachtjen
United States,US,NY,New York,"The Meet Group, Inc.",6 Raven Center,Warrior
United States,US,NM,New Mexico,"ServiceNow, Inc.",1 Moose Street,Cardinal
United States,US,MA,Massachusetts,PowerShares International Dividend Achievers Portfolio,92 Fieldstone Plaza,Mandrake
United States,US,OH,Ohio,"Clearfield, Inc.",429 Spaight Drive,Dawn
United States,US,MN,Minnesota,"Telephone and Data Systems, Inc.",77923 East Trail,Marquette
United States,US,AZ,Arizona,STERIS plc,6368 Namekagon Way,Bellgrove
United States,US,DC,District of Columbia,"AmTrust Financial Services, Inc.",39 Manley Junction,Brown
United States,US,ID,Idaho,China TechFaith Wireless Communication Technology Limited,3387 Badeau Street,Prentice
United States,US,CA,California,Carnival Corporation,142 Cordelia Street,Kropf
United States,US,VA,Virginia,PowerShares DWA NASDAQ Momentum Portfolio,45210 Northport Pass,Fairview
United States,US,TN,Tennessee,Pebblebrook Hotel Trust,7 Express Way,Di Loreto
United States,US,TX,Texas,West Bancorporation,591 Steensland Junction,Claremont
United States,US,GA,Georgia,Georgia Power Company,74 Mcguire Drive,Hallows
United States,US,AK,Alaska,"Blackrock Corporate High Yield Fund, Inc.",13 Grim Place,Canary
United States,US,PA,Pennsylvania,"Landcadia Holdings, Inc.",1036 Glendale Pass,Ridgeview
United States,US,MO,Missouri,First Trust Nasdaq Semiconductor ETF,6355 Tennyson Court,Golden Leaf
United States,US,MD,Maryland,Genetic Technologies Ltd,1 Shelley Street,Weeping Birch
United States,US,CA,California,Five Oaks Investment Corp.,454 Victoria Alley,Old Shore
United States,US,GA,Georgia,Senior Housing Properties Trust,77 Gale Hill,Lerdahl
United States,US,MD,Maryland,Amedica Corporation,5089 Merrick Street,Buena Vista
United States,US,SC,South Carolina,Assured Guaranty Ltd.,9611 Dunning Point,Loftsgordon
United States,US,CA,California,AAR Corp.,3345 3rd Circle,Bartillon
United States,US,TX,Texas,"YuMe, Inc.",3516 Eastlawn Place,Sheridan
United States,US,AZ,Arizona,Monroe Capital Corporation,46113 Longview Lane,Hagan
United States,US,IL,Illinois,"Ellie Mae, Inc.",384 Logan Parkway,Lerdahl
United States,US,MD,Maryland,"Under Armour, Inc.",79192 Thierer Drive,Butternut
United States,US,PA,Pennsylvania,CRH PLC,51 Hanson Place,Gerald
United States,US,FL,Florida,"First Citizens BancShares, Inc.",7291 Claremont Road,Gina
United States,US,MN,Minnesota,Quotient Limited,9 Prairieview Alley,Eliot
United States,US,UT,Utah,"Limelight Networks, Inc.",26 Columbus Lane,Armistice
United States,US,MI,Michigan,"Paratek Pharmaceuticals, Inc. ",3 Dawn Junction,Brentwood
United States,US,IN,Indiana,TransCanada Corporation,4326 Eastlawn Point,Scofield
United States,US,CA,California,"NETGEAR, Inc.",4 Canary Lane,Artisan
United States,US,CA,California,Echelon Corporation,886 Montana Road,Columbus
United States,US,NV,Nevada,"ZAIS Group Holdings, Inc.",9 Packers Road,Derek
United States,US,SC,South Carolina,Rand Capital Corporation,54977 Artisan Plaza,Lunder
United States,US,CO,Colorado,Summit Therapeutics plc,6 Eggendart Park,Vera
United States,US,NH,New Hampshire,"Rand Logistics, Inc.",46543 Ruskin Court,Eliot
United States,US,TX,Texas,"American Electric Power Company, Inc.",5814 Cascade Street,Northland
United States,US,IN,Indiana,Monster Beverage Corporation,48652 Jackson Terrace,Summer Ridge
United States,US,CA,California,"Aimmune Therapeutics, Inc.",1166 Florence Street,Russell
United States,US,OH,Ohio,Universal Corporation,3181 Drewry Crossing,Burning Wood
United States,US,PA,Pennsylvania,MS Structured Asset Corp Saturns GE Cap Corp Series 2002-14,82 Clyde Gallagher Alley,Tennyson
United States,US,NV,Nevada,Norwood Financial Corp.,13115 Knutson Plaza,Cherokee
United States,US,IN,Indiana,"ARMOUR Residential REIT, Inc.",6 Swallow Pass,Washington
United States,US,OH,Ohio,"KVH Industries, Inc.",5 Dapin Way,Tennessee
United States,US,TN,Tennessee,Blackrock MuniYield Pennsylvania Quality Fund,271 Bluejay Center,Fisk
United States,US,NY,New York,"Isramco, Inc.",4 Park Meadow Junction,Cody
United States,US,TX,Texas,"Town Sports International Holdings, Inc.",5 Debra Road,Sheridan
United States,US,LA,Louisiana,Two River Bancorp,43 Sachs Point,Miller
United States,US,OH,Ohio,"Magyar Bancorp, Inc.",092 Elgar Lane,Nobel
United States,US,TX,Texas,LKQ Corporation,3 Hauk Hill,Nova
United States,US,IN,Indiana,Ovid Therapeutics Inc.,82672 Amoth Crossing,Iowa
United States,US,FL,Florida,Arlington Asset Investment Corp,01490 Green Ridge Terrace,Morrow
United States,US,MN,Minnesota,BioLineRx Ltd.,1197 Sutherland Plaza,Commercial
United States,US,MN,Minnesota,Nuveen Tax-Advantaged Total Return Strategy Fund,9173 Portage Street,Birchwood
United States,US,FL,Florida,"Duff & Phelps Utility & Corporate Bond Trust, Inc.",7 Towne Terrace,Kings
United States,US,MT,Montana,RenaissanceRe Holdings Ltd.,765 Merry Point,Cardinal
United States,US,TX,Texas,San Juan Basin Royalty Trust,6052 Hooker Plaza,Holmberg
United States,US,WV,West Virginia,Cerus Corporation,943 Jenna Trail,Mifflin
United States,US,MO,Missouri,"Provident Bancorp, Inc.",994 Logan Hill,Morrow
United States,US,MO,Missouri,"U.S. Global Investors, Inc.",6 Dorton Center,Bluestem
United States,US,AR,Arkansas,Sina Corporation,08 Melby Alley,Upham
United States,US,CA,California,"Unity Bancorp, Inc.",6914 Lighthouse Bay Pass,Schlimgen
United States,US,FL,Florida,Fang Holdings Limited,8 Huxley Avenue,American
United States,US,NM,New Mexico,"Washington Trust Bancorp, Inc.",7111 Golden Leaf Drive,Bunker Hill
United States,US,TX,Texas,"RiverNorth Opportunities Fund, Inc.",80 Old Gate Lane,Shasta
United States,US,OK,Oklahoma,"H&E Equipment Services, Inc.",03700 Cambridge Crossing,Roth
United States,US,FL,Florida,Altra Industrial Motion Corp.,7205 Randy Plaza,Steensland
United States,US,MS,Mississippi,Ardagh Group S.A.,1152 Magdeline Court,Tennessee
United States,US,TX,Texas,MainStay DefinedTerm Municipal Opportunities Fund,2 Pierstorff Parkway,Sloan
United States,US,TX,Texas,"Enable Midstream Partners, LP",18446 Express Crossing,High Crossing
United States,US,TX,Texas,"Aimmune Therapeutics, Inc.",16 Kennedy Crossing,Spenser
United States,US,TX,Texas,Vornado Realty Trust,5 5th Court,Lukken
United States,US,TN,Tennessee,Jagged Peak Energy Inc.,6871 Luster Place,Prairieview
United States,US,NV,Nevada,Zosano Pharma Corporation,951 Annamark Pass,Karstens
United States,US,MO,Missouri,Arbor Realty Trust,020 Lakewood Gardens Pass,Acker
United States,US,MN,Minnesota,Public Storage,6431 Wayridge Lane,Lighthouse Bay
United States,US,LA,Louisiana,Credicorp Ltd.,86 Vermont Park,Porter
United States,US,TX,Texas,OM Asset Management plc,0886 Corry Circle,Oxford
United States,US,HI,Hawaii,Vanguard Emerging Markets Government Bond ETF,84875 David Crossing,Sommers
United States,US,VA,Virginia,Vantage Energy Acquisition Corp.,6 Helena Point,Trailsway
United States,US,FL,Florida,"Vishay Precision Group, Inc.",6 Garrison Plaza,Springview
United States,US,GA,Georgia,Nuveen New York Municipal Value Fund 2,4617 Rockefeller Road,Service
United States,US,AK,Alaska,GGP Inc.,9 Jenna Plaza,Carey
United States,US,CO,Colorado,Energous Corporation,250 Briar Crest Plaza,Comanche
United States,US,OH,Ohio,iShares Commodities Select Strategy ETF,970 Thierer Drive,Crest Line
United States,US,OH,Ohio,Liberty Media Corporation,681 Main Center,Scofield
United States,US,WA,Washington,Kayne Anderson Acquisition Corp.,2 Cottonwood Alley,Merry
United States,US,TX,Texas,Cintas Corporation,20 Grasskamp Hill,Schurz
United States,US,PA,Pennsylvania,"Ardelyx, Inc.",63 Mayer Point,Anzinger
United States,US,CA,California,"Duff & Phelps Utilities Income, Inc.",2736 Colorado Lane,Vidon
United States,US,CA,California,Royal Bank Scotland plc (The),21 Dayton Hill,Northridge
United States,US,CA,California,"Monolithic Power Systems, Inc.",37 Vahlen Alley,Havey
United States,US,FL,Florida,Stellus Capital Investment Corporation,9 Beilfuss Terrace,Delladonna
United States,US,NY,New York,"First Business Financial Services, Inc.",92654 Blue Bill Park Place,Dunning
United States,US,DC,District of Columbia,Omeros Corporation,3125 Lien Alley,Blackbird
United States,US,TX,Texas,Bank of America Corporation,60 Mariners Cove Crossing,Kinsman
United States,US,MO,Missouri,"Targa Resources, Inc.",2 Walton Trail,Becker
United States,US,CA,California,"Zillow Group, Inc.",68966 Blackbird Court,Vermont
United States,US,GA,Georgia,"United Community Banks, Inc.",8021 Steensland Way,Northwestern
United States,US,NC,North Carolina,Harmony Merger Corp.,58 Debs Junction,7th
United States,US,FL,Florida,"American Airlines Group, Inc.",9476 Garrison Way,Quincy
United States,US,AR,Arkansas,ESSA Pharma Inc.,9 Cottonwood Center,Manufacturers
United States,US,FL,Florida,BHP Billiton plc,7118 School Parkway,Anniversary
United States,US,MO,Missouri,Corporate Asset Backed Corp CABCO,98336 Montana Center,Trailsway
United States,US,CA,California,Lexington Realty Trust,80 Harper Lane,Alpine
United States,US,PA,Pennsylvania,Principal Millennials Index ETF,11 Commercial Way,Scofield
United States,US,PA,Pennsylvania,"Vantiv, Inc.",871 Maywood Parkway,Ridgeway
United States,US,MO,Missouri,First Trust Intermediate Duration Preferred & Income Fund,5690 Eggendart Drive,Gina
United States,US,AL,Alabama,"Dunkin' Brands Group, Inc.",714 Goodland Road,Nobel
United States,US,IN,Indiana,Global X Millennials Thematic ETF,4 Schlimgen Park,Manley
United States,US,DC,District of Columbia,Diana Shipping inc.,09 Surrey Plaza,Moland
United States,US,NC,North Carolina,"Synacor, Inc.",82621 Hoffman Way,Dakota
United States,US,MI,Michigan,Global X FinTech ETF,551 Green Point,Bartelt
United States,US,MO,Missouri,"Maui Land & Pineapple Company, Inc.",8216 Golden Leaf Place,Elmside
United States,US,CA,California,"Expedia, Inc.",72 Pankratz Pass,Stang
United States,US,NY,New York,Vuzix Corporation,221 Prairieview Street,Anniversary
United States,US,DC,District of Columbia,Colony Starwood Homes,85 Jana Road,Rieder
United States,US,OH,Ohio,"Blackrock MuniYield California Insured Fund, Inc.",96309 Cottonwood Park,Raven
United States,US,WI,Wisconsin,Artesian Resources Corporation,545 Maryland Crossing,Gerald
United States,US,LA,Louisiana,Gabelli Multi-Media Trust Inc. (The),6379 Cottonwood Point,Merrick
United States,US,CA,California,Advent/Claymore Enhanced Growth & Income Fund,26 Eastwood Trail,Blue Bill Park
United States,US,NY,New York,CVD Equipment Corporation,16 Westport Junction,Schlimgen
United States,US,NY,New York,DURECT Corporation,9735 Gale Terrace,Boyd
United States,US,DC,District of Columbia,"FCB Financial Holdings, Inc.",4 Bonner Junction,Luster
United States,US,IN,Indiana,Liberty Media Corporation,9 Express Circle,Crescent Oaks
United States,US,LA,Louisiana,"Waste Management, Inc.",733 Stoughton Plaza,Anzinger
United States,US,TX,Texas,"MyoKardia, Inc.",280 Oriole Circle,Redwing
United States,US,GA,Georgia,Citigroup Inc.,6882 Armistice Drive,Grover
United States,US,TX,Texas,"Coherus BioSciences, Inc.",1 Arrowood Street,Goodland
United States,US,UT,Utah,BioLineRx Ltd.,61 Anhalt Hill,Mallory
United States,US,TX,Texas,Histogenics Corporation,9519 Hanson Circle,Anzinger
United States,US,IL,Illinois,SodaStream International Ltd.,1683 Comanche Junction,Bobwhite
United States,US,FL,Florida,"Anthem, Inc.",078 Dexter Circle,Browning
United States,US,NC,North Carolina,"LendingTree, Inc.",039 Glendale Road,Charing Cross
United States,US,OK,Oklahoma,"SigmaTron International, Inc.",237 Manley Hill,Troy
United States,US,LA,Louisiana,"Lithia Motors, Inc.",96 Morningstar Trail,Garrison
United States,US,CA,California,"Haverty Furniture Companies, Inc.",09 Village Green Court,Hermina
United States,US,TX,Texas,"EOG Resources, Inc.",15707 Messerschmidt Circle,Lakewood
United States,US,NY,New York,"PennyMac Financial Services, Inc.",57041 Eastlawn Avenue,Towne
United States,US,DC,District of Columbia,United Technologies Corporation,4266 Redwing Alley,Service
United States,US,OK,Oklahoma,Cincinnati Bell Inc,91956 Vermont Lane,Lukken
United States,US,GA,Georgia,Prospect Capital Corporation,50678 Kensington Place,Dawn
United States,US,FL,Florida,The Spectranetics Corporation,344 Caliangt Lane,Jackson
United States,US,MI,Michigan,"Willamette Valley Vineyards, Inc.",06 West Hill,Troy
United States,US,NJ,New Jersey,New Media Investment Group Inc.,94984 Lotheville Circle,Eastwood
United States,US,VA,Virginia,PowerShares International BuyBack Achievers Portfolio,8792 New Castle Center,Vera
United States,US,WA,Washington,"Barrett Business Services, Inc.",50045 Hoard Lane,Park Meadow
United States,US,TN,Tennessee,Acxiom Corporation,48 Hanson Street,Sugar
United States,US,FL,Florida,"Targa Resources, Inc.",84 Merchant Alley,Kinsman
United States,US,CA,California,GrubHub Inc.,7 Waubesa Avenue,Namekagon
United States,US,NC,North Carolina,"OraSure Technologies, Inc.",2913 Hoepker Way,Atwood
United States,US,DC,District of Columbia,Nortel Inversora SA,83 Lillian Alley,Annamark
United States,US,WA,Washington,Saratoga Investment Corp,7593 Thackeray Plaza,Stone Corner
United States,US,PA,Pennsylvania,Natural Health Trends Corp.,315 Badeau Terrace,Pond
United States,US,KY,Kentucky,Alliance Data Systems Corporation,12752 Summit Point,Ramsey
United States,US,AK,Alaska,First Trust South Korea AlphaDEX Fund,4532 Maple Wood Trail,Schurz
United States,US,LA,Louisiana,"State National Companies, Inc.",38094 Comanche Street,Lukken
United States,US,NY,New York,DaVita Inc.,00 4th Point,Talisman
United States,US,TX,Texas,"Cisco Systems, Inc.",95420 Muir Circle,Mandrake
United States,US,FL,Florida,"Mirna Therapeutics, Inc.",13636 Ridgeview Center,Ohio
United States,US,IN,Indiana,DoubleLine Income Solutions Fund,0 Miller Point,Mccormick
United States,US,MS,Mississippi,"Calix, Inc",031 Grayhawk Alley,John Wall
United States,US,CA,California,"Cyclacel Pharmaceuticals, Inc.",887 Vermont Place,Bartelt
United States,US,NC,North Carolina,"Cirrus Logic, Inc.",44950 Haas Point,Spaight
United States,US,MO,Missouri,"AmTrust Financial Services, Inc.",5447 Scofield Terrace,Barby
United States,US,OK,Oklahoma,Eaton vance Floating-Rate Income Plus Fund,71090 Mockingbird Terrace,Burrows
United States,US,MN,Minnesota,Manchester United Ltd.,86563 Doe Crossing Court,Buell
United States,US,AL,Alabama,"Ryman Hospitality Properties, Inc.",48120 Northwestern Junction,Crowley
United States,US,SC,South Carolina,"Interactive Brokers Group, Inc.",1 Boyd Parkway,Paget
United States,US,IN,Indiana,First Trust Eurozone AlphaDEX ETF,6 Sunbrook Court,Clarendon
United States,US,NC,North Carolina,"Cellectar Biosciences, Inc.",1 Dawn Park,Upham
United States,US,SC,South Carolina,"Commerce Bancshares, Inc.",76 Glendale Hill,Ridge Oak
United States,US,FL,Florida,CSX Corporation,54 Warner Crossing,Towne
United States,US,OH,Ohio,Lipocine Inc.,18 Farwell Pass,Summer Ridge
United States,US,MS,Mississippi,"Digital Realty Trust, Inc.",3038 Independence Court,Nova
United States,US,MN,Minnesota,"Second Sight Medical Products, Inc.",2810 Dahle Terrace,Farragut
United States,US,TX,Texas,ProShares UltraPro Short QQQ,14 Del Mar Way,Hollow Ridge
United States,US,NE,Nebraska,"Maui Land & Pineapple Company, Inc.",7563 Dwight Terrace,Clyde Gallagher
United States,US,VA,Virginia,Lindblad Expeditions Holdings Inc. ,9601 Westport Street,Mayfield
United States,US,CA,California,Capital One Financial Corporation,9112 Almo Circle,Kingsford
United States,US,CA,California,Acacia Research Corporation,5498 Saint Paul Center,Hooker
United States,US,NY,New York,China XD Plastics Company Limited,379 Charing Cross Court,Del Mar
United States,US,TX,Texas,Zions Bancorporation,3 Monterey Circle,Spaight
United States,US,NY,New York,"ANI Pharmaceuticals, Inc.",806 Tomscot Lane,Susan
United States,US,KS,Kansas,KT Corporation,25 Walton Park,Farragut
United States,US,MO,Missouri,Preferred Bank,9799 Gulseth Drive,Mockingbird
United States,US,OR,Oregon,Cytosorbents Corporation,88 Randy Trail,Mariners Cove
United States,US,NC,North Carolina,ABB Ltd,4 Petterle Street,Waubesa
United States,US,LA,Louisiana,"CryoPort, Inc.",9507 Dapin Road,Michigan
United States,US,KY,Kentucky,"Diplomat Pharmacy, Inc.",1 Haas Lane,Veith
United States,US,AL,Alabama,pSivida Corp.,66 Forest Avenue,Elgar
United States,US,CA,California,Medley LLC,454 Kings Trail,Gulseth
United States,US,DE,Delaware,"RCI Hospitality Holdings, Inc.",98005 Monument Point,Blue Bill Park
United States,US,NE,Nebraska,"Community Health Systems, Inc.",754 Melvin Avenue,Chinook
United States,US,TX,Texas,"Escalade, Incorporated",228 Packers Pass,Doe Crossing
United States,US,SC,South Carolina,Sysco Corporation,3 Schurz Circle,Lotheville
United States,US,NY,New York,Vornado Realty Trust,389 Mccormick Park,Glacier Hill
United States,US,NV,Nevada,Orthofix International N.V.,1 Golf View Place,Lindbergh
United States,US,CT,Connecticut,"Aerie Pharmaceuticals, Inc.",59630 Pierstorff Point,Merchant
United States,US,IL,Illinois,"TriState Capital Holdings, Inc.",60806 Derek Way,Loomis
United States,US,OH,Ohio,"Akebia Therapeutics, Inc.",004 Dovetail Park,Bayside
United States,US,LA,Louisiana,"Brocade Communications Systems, Inc.",3946 Dexter Terrace,Dixon
United States,US,CA,California,"Customers Bancorp, Inc",6 Main Road,Shopko
United States,US,LA,Louisiana,Pioneer Municipal High Income Advantage Trust,30 Annamark Court,Moose
United States,US,MI,Michigan,Western Asset Mortgage Capital Corporation,67 Erie Parkway,Goodland
United States,US,NY,New York,SteadyMed Ltd.,9445 Graedel Plaza,Union
United States,US,OH,Ohio,"Catalyst Biosciences, Inc. ",0 Banding Crossing,Reindahl
United States,US,GA,Georgia,Carvana Co.,2 Lotheville Drive,Bellgrove
United States,US,FL,Florida,"Vantiv, Inc.",23 Talmadge Junction,Hansons
United States,US,AK,Alaska,"Advanced Micro Devices, Inc.",338 Gateway Street,Lyons
United States,US,DC,District of Columbia,"CBAK Energy Technology, Inc.",154 Shoshone Lane,Ryan
United States,US,IN,Indiana,Noble Energy Inc.,3 Sachtjen Center,Truax
United States,US,TX,Texas,"Validus Holdings, Ltd.",3144 2nd Junction,Reinke
United States,US,CO,Colorado,"WageWorks, Inc.",5 Barby Drive,Havey
United States,US,WA,Washington,EPR Properties,856 Nobel Alley,Ryan
United States,US,CA,California,Geopark Ltd,540 Artisan Parkway,Warrior
United States,US,DC,District of Columbia,Invesco Value Municipal Income Trust,40282 Lakewood Street,Westport
United States,US,LA,Louisiana,Exa Corporation,4414 Manufacturers Park,Dahle
United States,US,TX,Texas,Phillips 66 Partners LP,5 Union Alley,Express
United States,US,TN,Tennessee,"Nautilus Group, Inc. (The)",6 Sutteridge Circle,Delladonna
United States,US,TX,Texas,"Mettler-Toledo International, Inc.",2054 Sherman Junction,Trailsway
United States,US,CO,Colorado,JM Global Holding Company,2 Longview Trail,Myrtle
United States,US,NY,New York,"HomeTrust Bancshares, Inc.",97208 Fordem Junction,Dryden
United States,US,DC,District of Columbia,Weight Watchers International Inc,6 Mosinee Center,Butternut
United States,US,NC,North Carolina,"MyoKardia, Inc.",85178 Dakota Road,Stephen
United States,US,FL,Florida,"Colony NorthStar, Inc.",658 Hayes Lane,Parkside
United States,US,WA,Washington,"Stratasys, Ltd.",5 Melby Road,Lighthouse Bay
United States,US,NY,New York,Nuveen Enhanced Municipal Value Fund,32 Vermont Court,Oakridge
United States,US,FL,Florida,Atlas Air Worldwide Holdings,92279 Loomis Pass,Logan
United States,US,DC,District of Columbia,Strattec Security Corporation,2351 Forest Court,Arrowood
United States,US,NY,New York,Plumas Bancorp,231 Rockefeller Way,Northport
United States,US,TX,Texas,"Golden Entertainment, Inc.",65549 2nd Street,Cody
United States,US,FL,Florida,"Duff & Phelps Utility & Corporate Bond Trust, Inc.",2 Judy Drive,Pennsylvania
United States,US,TX,Texas,Heska Corporation,17586 Menomonie Point,Dixon
United States,US,TX,Texas,First Horizon National Corporation,52918 Warbler Court,Dwight
United States,US,TN,Tennessee,Dynavax Technologies Corporation,71 Blackbird Center,New Castle
United States,US,KS,Kansas,TAT Technologies Ltd.,2478 Cordelia Drive,Vahlen
